<?xml version="1.0" encoding="UTF-8"?>
<office:document-content xmlns:office="urn:oasis:names:tc:opendocument:xmlns:office:1.0" xmlns:style="urn:oasis:names:tc:opendocument:xmlns:style:1.0" xmlns:text="urn:oasis:names:tc:opendocument:xmlns:text:1.0" xmlns:table="urn:oasis:names:tc:opendocument:xmlns:table:1.0" xmlns:draw="urn:oasis:names:tc:opendocument:xmlns:drawing:1.0" xmlns:fo="urn:oasis:names:tc:opendocument:xmlns:xsl-fo-compatible:1.0" xmlns:xlink="http://www.w3.org/1999/xlink" xmlns:dc="http://purl.org/dc/elements/1.1/" xmlns:meta="urn:oasis:names:tc:opendocument:xmlns:meta:1.0" xmlns:number="urn:oasis:names:tc:opendocument:xmlns:datastyle:1.0" xmlns:svg="urn:oasis:names:tc:opendocument:xmlns:svg-compatible:1.0" xmlns:chart="urn:oasis:names:tc:opendocument:xmlns:chart:1.0" xmlns:dr3d="urn:oasis:names:tc:opendocument:xmlns:dr3d:1.0" xmlns:math="http://www.w3.org/1998/Math/MathML" xmlns:form="urn:oasis:names:tc:opendocument:xmlns:form:1.0" xmlns:script="urn:oasis:names:tc:opendocument:xmlns:script:1.0" xmlns:ooo="http://openoffice.org/2004/office" xmlns:ooow="http://openoffice.org/2004/writer" xmlns:oooc="http://openoffice.org/2004/calc" xmlns:dom="http://www.w3.org/2001/xml-events" xmlns:xforms="http://www.w3.org/2002/xforms" xmlns:xsd="http://www.w3.org/2001/XMLSchema" xmlns:xsi="http://www.w3.org/2001/XMLSchema-instance" xmlns:rpt="http://openoffice.org/2005/report" xmlns:of="urn:oasis:names:tc:opendocument:xmlns:of:1.2" xmlns:xhtml="http://www.w3.org/1999/xhtml" xmlns:grddl="http://www.w3.org/2003/g/data-view#" xmlns:officeooo="http://openoffice.org/2009/office" xmlns:tableooo="http://openoffice.org/2009/table" xmlns:drawooo="http://openoffice.org/2010/draw" xmlns:calcext="urn:org:documentfoundation:names:experimental:calc:xmlns:calcext:1.0" xmlns:loext="urn:org:documentfoundation:names:experimental:office:xmlns:loext:1.0" xmlns:field="urn:openoffice:names:experimental:ooo-ms-interop:xmlns:field:1.0" xmlns:formx="urn:openoffice:names:experimental:ooxml-odf-interop:xmlns:form:1.0" xmlns:css3t="http://www.w3.org/TR/css3-text/" office:version="1.2"><office:scripts/><office:font-face-decls><style:font-face style:name="OpenSymbol" svg:font-family="OpenSymbol" style:font-charset="x-symbol"/><style:font-face style:name="StarSymbol" svg:font-family="StarSymbol" style:font-charset="x-symbol"/><style:font-face style:name="Arial" svg:font-family="Arial" style:font-family-generic="swiss"/><style:font-face style:name="Courier" svg:font-family="Courier" style:font-family-generic="modern" style:font-pitch="fixed"/><style:font-face style:name="Droid Sans Mono" svg:font-family="&apos;Droid Sans Mono&apos;" style:font-family-generic="modern" style:font-pitch="fixed"/><style:font-face style:name="Arial Unicode MS" svg:font-family="&apos;Arial Unicode MS&apos;" style:font-pitch="variable"/><style:font-face style:name="HG Mincho Light J" svg:font-family="&apos;HG Mincho Light J&apos;" style:font-pitch="variable"/><style:font-face style:name="Humnst777 BT1" svg:font-family="&apos;Humnst777 BT&apos;" style:font-pitch="variable"/><style:font-face style:name="Humnst777 BT" svg:font-family="&apos;Humnst777 BT&apos;" style:font-adornments="Regular" style:font-pitch="variable"/><style:font-face style:name="Humnst777 Lt BT1" svg:font-family="&apos;Humnst777 Lt BT&apos;" style:font-pitch="variable"/><style:font-face style:name="Roboto" svg:font-family="Roboto" style:font-pitch="variable"/><style:font-face style:name="Roboto Light1" svg:font-family="&apos;Roboto Light&apos;" style:font-pitch="variable"/><style:font-face style:name="Roboto Light" svg:font-family="&apos;Roboto Light&apos;" style:font-adornments="Light" style:font-pitch="variable"/><style:font-face style:name="Roboto Light2" svg:font-family="&apos;Roboto Light&apos;" style:font-adornments="Regular" style:font-pitch="variable"/><style:font-face style:name="Roboto Medium1" svg:font-family="&apos;Roboto Medium&apos;" style:font-pitch="variable"/><style:font-face style:name="Roboto Medium" svg:font-family="&apos;Roboto Medium&apos;" style:font-adornments="Medium" style:font-pitch="variable"/><style:font-face style:name="Roboto Slab2" svg:font-family="&apos;Roboto Slab&apos;" style:font-pitch="variable"/><style:font-face style:name="Roboto Slab1" svg:font-family="&apos;Roboto Slab&apos;" style:font-adornments="Light" style:font-pitch="variable"/><style:font-face style:name="Roboto Slab" svg:font-family="&apos;Roboto Slab&apos;" style:font-adornments="Regular" style:font-pitch="variable"/><style:font-face style:name="Liberation Serif" svg:font-family="&apos;Liberation Serif&apos;" style:font-family-generic="roman" style:font-pitch="variable"/><style:font-face style:name="Times New Roman" svg:font-family="&apos;Times New Roman&apos;" style:font-family-generic="roman" style:font-pitch="variable"/><style:font-face style:name="Univers 47 CondensedLight" svg:font-family="&apos;Univers 47 CondensedLight&apos;" style:font-family-generic="roman" style:font-pitch="variable"/><style:font-face style:name="Humnst777 Blk BT" svg:font-family="&apos;Humnst777 Blk BT&apos;" style:font-family-generic="swiss" style:font-pitch="variable"/><style:font-face style:name="Humnst777 Lt BT" svg:font-family="&apos;Humnst777 Lt BT&apos;" style:font-family-generic="swiss" style:font-pitch="variable"/><style:font-face style:name="Droid Sans Fallback" svg:font-family="&apos;Droid Sans Fallback&apos;" style:font-family-generic="system" style:font-pitch="variable"/><style:font-face style:name="FreeSans" svg:font-family="FreeSans" style:font-family-generic="system" style:font-pitch="variable"/></office:font-face-decls><office:automatic-styles><style:style style:name="tbl-image" style:family="table"><style:table-properties style:width="1.2535in" fo:margin-left="0in" fo:margin-right="0in" table:align="margins" style:may-break-between-rows="false"/></style:style><style:style style:name="tbl-image.A" style:family="table-column"><style:table-column-properties style:column-width="1.2535in" style:rel-column-width="65535*"/></style:style><style:style style:name="tbl-image.1" style:family="table-row"><style:table-row-properties style:min-row-height="1.5181in"/></style:style><style:style style:name="tbl-image.A1" style:family="table-cell"><style:table-cell-properties fo:background-color="transparent" fo:padding="0.0382in" fo:border="none"><style:background-image/></style:table-cell-properties></style:style><style:style style:name="Table4" style:family="table"><style:table-properties style:width="3.3826in" fo:margin-left="2.6667in" fo:margin-right="-0.0014in" table:align="margins"/></style:style><style:style style:name="Table4.A" style:family="table-column"><style:table-column-properties style:column-width="1.1111in" style:rel-column-width="21531*"/></style:style><style:style style:name="Table4.B" style:family="table-column"><style:table-column-properties style:column-width="2.2715in" style:rel-column-width="44004*"/></style:style><style:style style:name="Table4.A1" style:family="table-cell"><style:table-cell-properties style:vertical-align="top" fo:padding="0in" fo:border="none"/></style:style><style:style style:name="Table3" style:family="table"><style:table-properties style:width="3.3826in" fo:margin-left="2.6667in" fo:margin-right="-0.0014in" table:align="margins"/></style:style><style:style style:name="Table3.A" style:family="table-column"><style:table-column-properties style:column-width="1.1111in" style:rel-column-width="21531*"/></style:style><style:style style:name="Table3.B" style:family="table-column"><style:table-column-properties style:column-width="2.2715in" style:rel-column-width="44004*"/></style:style><style:style style:name="Table3.A1" style:family="table-cell"><style:table-cell-properties style:vertical-align="top" fo:padding="0in" fo:border="none"/></style:style><style:style style:name="Table2" style:family="table"><style:table-properties style:width="3.3826in" fo:margin-left="2.6667in" fo:margin-right="-0.0014in" table:align="margins"/></style:style><style:style style:name="Table2.A" style:family="table-column"><style:table-column-properties style:column-width="1.1111in" style:rel-column-width="21526*"/></style:style><style:style style:name="Table2.B" style:family="table-column"><style:table-column-properties style:column-width="2.2715in" style:rel-column-width="44009*"/></style:style><style:style style:name="Table2.A1" style:family="table-cell"><style:table-cell-properties style:vertical-align="top" fo:padding="0in" fo:border="none"/></style:style><style:style style:name="Table7" style:family="table"><style:table-properties style:width="3.3826in" fo:margin-left="2.6667in" fo:margin-right="-0.0014in" table:align="margins"/></style:style><style:style style:name="Table7.A" style:family="table-column"><style:table-column-properties style:column-width="1.1111in" style:rel-column-width="21531*"/></style:style><style:style style:name="Table7.B" style:family="table-column"><style:table-column-properties style:column-width="2.2715in" style:rel-column-width="44004*"/></style:style><style:style style:name="Table7.A1" style:family="table-cell"><style:table-cell-properties style:vertical-align="top" fo:padding="0in" fo:border="none"/></style:style><style:style style:name="Table6" style:family="table"><style:table-properties style:width="3.3826in" fo:margin-left="2.6667in" fo:margin-right="-0.0014in" table:align="margins"/></style:style><style:style style:name="Table6.A" style:family="table-column"><style:table-column-properties style:column-width="1.1111in" style:rel-column-width="21531*"/></style:style><style:style style:name="Table6.B" style:family="table-column"><style:table-column-properties style:column-width="2.2715in" style:rel-column-width="44004*"/></style:style><style:style style:name="Table6.A1" style:family="table-cell"><style:table-cell-properties style:vertical-align="top" fo:padding="0in" fo:border="none"/></style:style><style:style style:name="Table9" style:family="table"><style:table-properties style:width="3.3826in" fo:margin-left="2.6667in" fo:margin-right="-0.0014in" table:align="margins"/></style:style><style:style style:name="Table9.A" style:family="table-column"><style:table-column-properties style:column-width="1.1111in" style:rel-column-width="21531*"/></style:style><style:style style:name="Table9.B" style:family="table-column"><style:table-column-properties style:column-width="2.2715in" style:rel-column-width="44004*"/></style:style><style:style style:name="Table9.A1" style:family="table-cell"><style:table-cell-properties style:vertical-align="top" fo:padding="0in" fo:border="none"/></style:style><style:style style:name="Table1" style:family="table"><style:table-properties style:width="6.0417in" fo:margin-left="0in" fo:margin-right="-0.0021in" table:align="margins"/></style:style><style:style style:name="Table1.A" style:family="table-column"><style:table-column-properties style:column-width="0.9465in" style:rel-column-width="10267*"/></style:style><style:style style:name="Table1.B" style:family="table-column"><style:table-column-properties style:column-width="0.7389in" style:rel-column-width="8014*"/></style:style><style:style style:name="Table1.C" style:family="table-column"><style:table-column-properties style:column-width="1.1576in" style:rel-column-width="12557*"/></style:style><style:style style:name="Table1.D" style:family="table-column"><style:table-column-properties style:column-width="3.1986in" style:rel-column-width="34697*"/></style:style><style:style style:name="Table1.A1" style:family="table-cell"><style:table-cell-properties fo:background-color="#e6e6e6" fo:padding="0.0382in" fo:border-left="1pt solid #999999" fo:border-right="none" fo:border-top="1pt solid #999999" fo:border-bottom="1pt solid #999999"><style:background-image/></style:table-cell-properties></style:style><style:style style:name="Table1.D1" style:family="table-cell"><style:table-cell-properties fo:background-color="#e6e6e6" fo:padding="0.0382in" fo:border="1pt solid #999999"><style:background-image/></style:table-cell-properties></style:style><style:style style:name="Table1.A2" style:family="table-cell"><style:table-cell-properties style:vertical-align="top" fo:padding="0.0382in" fo:border-left="1pt solid #999999" fo:border-right="none" fo:border-top="none" fo:border-bottom="1pt solid #999999"/></style:style><style:style style:name="Table1.C2" style:family="table-cell"><style:table-cell-properties fo:padding="0.0382in" fo:border-left="1pt solid #999999" fo:border-right="none" fo:border-top="none" fo:border-bottom="1pt solid #999999"/></style:style><style:style style:name="Table1.D2" style:family="table-cell"><style:table-cell-properties fo:padding="0.0382in" fo:border-left="1pt solid #999999" fo:border-right="1pt solid #999999" fo:border-top="none" fo:border-bottom="1pt solid #999999"/></style:style><style:style style:name="tbl-profile" style:family="table"><style:table-properties style:width="3.7722in" fo:margin-left="0in" fo:margin-right="2.2674in" fo:break-before="auto" fo:break-after="auto" table:align="margins" fo:background-color="transparent" fo:keep-with-next="auto" style:may-break-between-rows="true" style:writing-mode="lr-tb"><style:background-image/></style:table-properties></style:style><style:style style:name="tbl-profile.A" style:family="table-column"><style:table-column-properties style:column-width="1.1278in" style:rel-column-width="19596*"/></style:style><style:style style:name="tbl-profile.B" style:family="table-column"><style:table-column-properties style:column-width="2.6444in" style:rel-column-width="45939*"/></style:style><style:style style:name="tbl-profile.1" style:family="table-row"><style:table-row-properties fo:background-color="transparent" fo:keep-together="auto"><style:background-image/></style:table-row-properties></style:style><style:style style:name="tbl-profile.A1" style:family="table-cell"><style:table-cell-properties style:vertical-align="" fo:background-color="transparent" fo:padding="0.0382in" fo:border="1pt solid #999999" style:writing-mode="lr-tb"><style:background-image/></style:table-cell-properties></style:style><style:style style:name="tbl-profile.B1" style:family="table-cell"><style:table-cell-properties fo:background-color="transparent" fo:padding="0.0382in" fo:border="1pt solid #999999" style:writing-mode="lr-tb"><style:background-image/></style:table-cell-properties></style:style><style:style style:name="tbl-profile.A2" style:family="table-cell"><style:table-cell-properties style:vertical-align="" fo:background-color="transparent" fo:padding="0.0382in" fo:border-left="1pt solid #999999" fo:border-right="1pt solid #999999" fo:border-top="none" fo:border-bottom="1pt solid #999999" style:writing-mode="lr-tb"><style:background-image/></style:table-cell-properties></style:style><style:style style:name="tbl-profile.B2" style:family="table-cell"><style:table-cell-properties fo:background-color="transparent" fo:padding="0.0382in" fo:border-left="1pt solid #999999" fo:border-right="1pt solid #999999" fo:border-top="none" fo:border-bottom="1pt solid #999999" style:writing-mode="lr-tb"><style:background-image/></style:table-cell-properties></style:style><style:style style:name="tbl-profile.B3" style:family="table-cell"><style:table-cell-properties fo:background-color="transparent" fo:padding="0.0382in" fo:border-left="1pt solid #999999" fo:border-right="1pt solid #999999" fo:border-top="none" fo:border-bottom="1pt solid #999999" style:writing-mode="lr-tb"><style:background-image/></style:table-cell-properties></style:style><style:style style:name="tbl-profile.B4" style:family="table-cell"><style:table-cell-properties fo:background-color="transparent" fo:padding="0.0382in" fo:border-left="1pt solid #999999" fo:border-right="1pt solid #999999" fo:border-top="none" fo:border-bottom="1pt solid #999999" style:writing-mode="lr-tb"><style:background-image/></style:table-cell-properties></style:style><style:style style:name="tbl-profile.B5" style:family="table-cell"><style:table-cell-properties fo:background-color="transparent" fo:padding="0.0382in" fo:border-left="1pt solid #999999" fo:border-right="1pt solid #999999" fo:border-top="none" fo:border-bottom="1pt solid #999999" style:writing-mode="lr-tb"><style:background-image/></style:table-cell-properties></style:style><style:style style:name="EDUCATIONS" style:family="table"><style:table-properties style:width="6.0319in" fo:margin-left="0in" fo:margin-right="0.0076in" table:align="margins"/></style:style><style:style style:name="EDUCATIONS.A" style:family="table-column"><style:table-column-properties style:column-width="1.1813in" style:rel-column-width="12833*"/></style:style><style:style style:name="EDUCATIONS.B" style:family="table-column"><style:table-column-properties style:column-width="4.8507in" style:rel-column-width="52702*"/></style:style><style:style style:name="EDUCATIONS.A1" style:family="table-cell"><style:table-cell-properties fo:background-color="#e6e6e6" fo:padding="0.0382in" fo:border-left="1pt solid #999999" fo:border-right="none" fo:border-top="1pt solid #999999" fo:border-bottom="1pt solid #999999"><style:background-image/></style:table-cell-properties></style:style><style:style style:name="EDUCATIONS.B1" style:family="table-cell"><style:table-cell-properties fo:background-color="#e6e6e6" fo:padding="0.0382in" fo:border="1pt solid #999999"><style:background-image/></style:table-cell-properties></style:style><style:style style:name="EDUCATIONS.A2" style:family="table-cell"><style:table-cell-properties fo:padding="0.0382in" fo:border-left="1pt solid #999999" fo:border-right="none" fo:border-top="none" fo:border-bottom="1pt solid #999999"/></style:style><style:style style:name="EDUCATIONS.B2" style:family="table-cell"><style:table-cell-properties fo:padding="0.0382in" fo:border-left="1pt solid #999999" fo:border-right="1pt solid #999999" fo:border-top="none" fo:border-bottom="1pt solid #999999"/></style:style><style:style style:name="ADVANCED_5f_TRAININGS" style:display-name="ADVANCED_TRAININGS" style:family="table"><style:table-properties style:width="6.0347in" fo:margin-left="0in" fo:margin-right="0.0049in" fo:break-before="auto" fo:break-after="auto" table:align="margins" fo:background-color="transparent" fo:keep-with-next="auto" style:may-break-between-rows="true" style:writing-mode="page"><style:background-image/></style:table-properties></style:style><style:style style:name="ADVANCED_5f_TRAININGS.A" style:display-name="ADVANCED_TRAININGS.A" style:family="table-column"><style:table-column-properties style:column-width="1.1813in" style:rel-column-width="12827*"/></style:style><style:style style:name="ADVANCED_5f_TRAININGS.B" style:display-name="ADVANCED_TRAININGS.B" style:family="table-column"><style:table-column-properties style:column-width="4.8535in" style:rel-column-width="52708*"/></style:style><style:style style:name="ADVANCED_5f_TRAININGS.1" style:display-name="ADVANCED_TRAININGS.1" style:family="table-row"><style:table-row-properties fo:background-color="transparent" fo:keep-together="auto"><style:background-image/></style:table-row-properties></style:style><style:style style:name="ADVANCED_5f_TRAININGS.A1" style:display-name="ADVANCED_TRAININGS.A1" style:family="table-cell"><style:table-cell-properties style:vertical-align="" fo:background-color="#e6e6e6" fo:padding="0.0382in" fo:border-left="1pt solid #999999" fo:border-right="none" fo:border-top="1pt solid #999999" fo:border-bottom="1pt solid #999999" style:writing-mode="page"><style:background-image/></style:table-cell-properties></style:style><style:style style:name="ADVANCED_5f_TRAININGS.B1" style:display-name="ADVANCED_TRAININGS.B1" style:family="table-cell"><style:table-cell-properties style:vertical-align="" fo:background-color="#e6e6e6" fo:padding="0.0382in" fo:border="1pt solid #999999" style:writing-mode="page"><style:background-image/></style:table-cell-properties></style:style><style:style style:name="ADVANCED_5f_TRAININGS.A2" style:display-name="ADVANCED_TRAININGS.A2" style:family="table-cell"><style:table-cell-properties fo:padding="0.0382in" fo:border-left="1pt solid #999999" fo:border-right="none" fo:border-top="none" fo:border-bottom="1pt solid #999999"/></style:style><style:style style:name="ADVANCED_5f_TRAININGS.B2" style:display-name="ADVANCED_TRAININGS.B2" style:family="table-cell"><style:table-cell-properties fo:padding="0.0382in" fo:border-left="1pt solid #999999" fo:border-right="1pt solid #999999" fo:border-top="none" fo:border-bottom="1pt solid #999999"/></style:style><style:style style:name="ACTIVITIES" style:family="table"><style:table-properties style:width="6.0347in" fo:margin-left="0in" fo:margin-right="0.0049in" fo:break-before="auto" fo:break-after="auto" table:align="margins" fo:background-color="transparent" fo:keep-with-next="auto" style:may-break-between-rows="true" style:writing-mode="page"><style:background-image/></style:table-properties></style:style><style:style style:name="ACTIVITIES.A" style:family="table-column"><style:table-column-properties style:column-width="1.1813in" style:rel-column-width="12827*"/></style:style><style:style style:name="ACTIVITIES.B" style:family="table-column"><style:table-column-properties style:column-width="4.8535in" style:rel-column-width="52708*"/></style:style><style:style style:name="ACTIVITIES.1" style:family="table-row"><style:table-row-properties fo:background-color="transparent" fo:keep-together="auto"><style:background-image/></style:table-row-properties></style:style><style:style style:name="ACTIVITIES.A1" style:family="table-cell"><style:table-cell-properties style:vertical-align="" fo:background-color="#e6e6e6" fo:padding="0.0382in" fo:border-left="1pt solid #999999" fo:border-right="none" fo:border-top="1pt solid #999999" fo:border-bottom="1pt solid #999999" style:writing-mode="page"><style:background-image/></style:table-cell-properties></style:style><style:style style:name="ACTIVITIES.B1" style:family="table-cell"><style:table-cell-properties style:vertical-align="" fo:background-color="#e6e6e6" fo:padding="0.0382in" fo:border="1pt solid #999999" style:writing-mode="page"><style:background-image/></style:table-cell-properties></style:style><style:style style:name="ACTIVITIES.A2" style:family="table-cell"><style:table-cell-properties style:vertical-align="" fo:background-color="transparent" fo:padding="0.0382in" fo:border-left="1pt solid #999999" fo:border-right="none" fo:border-top="none" fo:border-bottom="1pt solid #999999" style:writing-mode="page"><style:background-image/></style:table-cell-properties></style:style><style:style style:name="ACTIVITIES.B2" style:family="table-cell"><style:table-cell-properties style:vertical-align="" fo:background-color="transparent" fo:padding="0.0382in" fo:border-left="1pt solid #999999" fo:border-right="1pt solid #999999" fo:border-top="none" fo:border-bottom="1pt solid #999999" style:writing-mode="page"><style:background-image/></style:table-cell-properties></style:style><style:style style:name="PROJECTS" style:family="table"><style:table-properties style:width="6.0347in" fo:margin-left="0in" fo:margin-right="0.0049in" fo:break-before="auto" fo:break-after="auto" table:align="margins" fo:background-color="transparent" fo:keep-with-next="auto" style:may-break-between-rows="true" style:writing-mode="page"><style:background-image/></style:table-properties></style:style><style:style style:name="PROJECTS.A" style:family="table-column"><style:table-column-properties style:column-width="1.1813in" style:rel-column-width="12827*"/></style:style><style:style style:name="PROJECTS.B" style:family="table-column"><style:table-column-properties style:column-width="4.8535in" style:rel-column-width="52708*"/></style:style><style:style style:name="PROJECTS.1" style:family="table-row"><style:table-row-properties fo:background-color="transparent" fo:keep-together="auto"><style:background-image/></style:table-row-properties></style:style><style:style style:name="PROJECTS.A1" style:family="table-cell"><style:table-cell-properties style:vertical-align="" fo:background-color="#e6e6e6" fo:padding="0.0382in" fo:border-left="1pt solid #999999" fo:border-right="none" fo:border-top="1pt solid #999999" fo:border-bottom="1pt solid #999999" style:writing-mode="page"><style:background-image/></style:table-cell-properties></style:style><style:style style:name="PROJECTS.B1" style:family="table-cell"><style:table-cell-properties style:vertical-align="" fo:background-color="#e6e6e6" fo:padding="0.0382in" fo:border="1pt solid #999999" style:writing-mode="page"><style:background-image/></style:table-cell-properties></style:style><style:style style:name="PROJECTS.A2" style:family="table-cell"><style:table-cell-properties style:vertical-align="" fo:background-color="transparent" fo:padding="0.0382in" fo:border-left="1pt solid #999999" fo:border-right="none" fo:border-top="none" fo:border-bottom="1pt solid #999999" style:writing-mode="page"><style:background-image/></style:table-cell-properties></style:style><style:style style:name="PROJECTS.B2" style:family="table-cell"><style:table-cell-properties style:vertical-align="" fo:background-color="transparent" fo:padding="0.0382in" fo:border-left="1pt solid #999999" fo:border-right="1pt solid #999999" fo:border-top="none" fo:border-bottom="1pt solid #999999" style:writing-mode="page"><style:background-image/></style:table-cell-properties></style:style><style:style style:name="P1" style:family="paragraph" style:parent-style-name="Standard"><style:paragraph-properties fo:text-align="end" style:justify-single-word="false"/><style:text-properties fo:font-size="8pt" style:font-size-asian="8pt"/></style:style><style:style style:name="P2" style:family="paragraph" style:parent-style-name="Standard"><style:paragraph-properties fo:text-align="end" style:justify-single-word="false"/><style:text-properties fo:font-size="2pt" style:font-size-asian="2pt"/></style:style><style:style style:name="P3" style:family="paragraph" style:parent-style-name="Standard"><style:text-properties style:font-name="Roboto Light" officeooo:paragraph-rsid="003d131c"/></style:style><style:style style:name="P4" style:family="paragraph" style:parent-style-name="Standard"><style:text-properties style:font-name="Roboto Light" officeooo:paragraph-rsid="00389352"/></style:style><style:style style:name="P5" style:family="paragraph" style:parent-style-name="Standard"><style:paragraph-properties fo:text-align="end" style:justify-single-word="false"/><style:text-properties style:font-name="Roboto Light" fo:font-size="8pt" style:font-size-asian="8pt"/></style:style><style:style style:name="P6" style:family="paragraph" style:parent-style-name="Standard"><style:text-properties style:font-name="Roboto Light" fo:font-size="9pt" style:font-name-asian="Arial" style:font-size-asian="9pt" style:font-name-complex="Arial" style:font-size-complex="9pt"/></style:style><style:style style:name="P7" style:family="paragraph" style:parent-style-name="Standard"><style:text-properties style:font-name="Roboto Light" fo:font-size="9pt" fo:font-weight="normal" style:font-size-asian="9pt" style:font-weight-asian="normal" style:font-size-complex="9pt" style:font-weight-complex="normal"/></style:style><style:style style:name="P8" style:family="paragraph" style:parent-style-name="Standard"><style:paragraph-properties fo:text-align="end" style:justify-single-word="false"/></style:style><style:style style:name="P9" style:family="paragraph" style:parent-style-name="Standard"><style:paragraph-properties fo:text-align="start" style:justify-single-word="false"/></style:style><style:style style:name="P10" style:family="paragraph" style:parent-style-name="Standard"><style:text-properties style:use-window-font-color="true" style:font-name="Roboto Light1" fo:font-size="10pt" fo:language="de" fo:country="CH" style:font-name-asian="Times New Roman" style:font-size-asian="10pt"/></style:style><style:style style:name="P11" style:family="paragraph" style:parent-style-name="Standard"><style:paragraph-properties fo:text-align="center" style:justify-single-word="false"/><style:text-properties style:use-window-font-color="true" style:font-name="Roboto Light1" officeooo:rsid="00a3f0c3" officeooo:paragraph-rsid="00a3f0c3"/></style:style><style:style style:name="P12" style:family="paragraph" style:parent-style-name="Standard"><style:paragraph-properties fo:text-align="center" style:justify-single-word="false"/><style:text-properties style:use-window-font-color="true" style:font-name="Roboto Light1" officeooo:rsid="00a85b7f" officeooo:paragraph-rsid="00a85b7f"/></style:style><style:style style:name="P13" style:family="paragraph" style:parent-style-name="Standard"><style:text-properties style:use-window-font-color="true" style:font-name="Roboto Medium" fo:font-size="10pt" fo:language="de" fo:country="CH" style:font-name-asian="Times New Roman" style:font-size-asian="10pt"/></style:style><style:style style:name="P14" style:family="paragraph" style:parent-style-name="Standard"><style:text-properties style:use-window-font-color="true" style:font-name="Roboto Medium" fo:font-size="10pt" fo:language="de" fo:country="CH" officeooo:rsid="00137414" officeooo:paragraph-rsid="00137414" style:font-name-asian="Times New Roman" style:font-size-asian="10pt"/></style:style><style:style style:name="P15" style:family="paragraph" style:parent-style-name="Standard"><style:text-properties style:use-window-font-color="true" style:font-name="Roboto Medium" fo:font-size="10pt" fo:language="de" fo:country="CH" officeooo:paragraph-rsid="002e9ecb" style:font-name-asian="Times New Roman" style:font-size-asian="10pt"/></style:style><style:style style:name="P16" style:family="paragraph" style:parent-style-name="Standard"><style:text-properties style:use-window-font-color="true" style:font-name="Roboto Medium" fo:font-size="10pt" fo:language="de" fo:country="CH" officeooo:rsid="002f7b7f" officeooo:paragraph-rsid="002f7b7f" style:font-name-asian="Times New Roman" style:font-size-asian="10pt"/></style:style><style:style style:name="P17" style:family="paragraph" style:parent-style-name="Standard"><style:text-properties style:use-window-font-color="true" style:font-name="Roboto Medium" officeooo:rsid="0097b405" officeooo:paragraph-rsid="0097b405"/></style:style><style:style style:name="P18" style:family="paragraph" style:parent-style-name="Standard"><style:text-properties style:use-window-font-color="true" style:font-name="Roboto Medium" officeooo:rsid="00990d9f" officeooo:paragraph-rsid="00990d9f"/></style:style><style:style style:name="P19" style:family="paragraph" style:parent-style-name="Standard"><style:text-properties style:use-window-font-color="true" style:font-name="Roboto Light2" fo:font-size="10pt" fo:language="de" fo:country="CH" style:font-name-asian="Times New Roman" style:font-size-asian="10pt"/></style:style><style:style style:name="P20" style:family="paragraph" style:parent-style-name="Standard"><style:paragraph-properties fo:text-align="start" style:justify-single-word="false"/><style:text-properties style:use-window-font-color="true" style:font-name="Roboto Light2" fo:font-size="10pt" fo:language="de" fo:country="CH" style:font-name-asian="Times New Roman" style:font-size-asian="10pt"/></style:style><style:style style:name="P21" style:family="paragraph" style:parent-style-name="Standard"><style:paragraph-properties fo:text-align="center" style:justify-single-word="false"/><style:text-properties style:use-window-font-color="true" style:font-name="Roboto Light2" fo:font-size="10pt" fo:language="de" fo:country="CH" style:font-name-asian="Times New Roman" style:font-size-asian="10pt"/></style:style><style:style style:name="P22" style:family="paragraph" style:parent-style-name="Standard"><style:text-properties style:use-window-font-color="true" style:font-name="Roboto Light2" fo:font-size="10pt" fo:language="de" fo:country="CH" officeooo:paragraph-rsid="0018ca7e" style:font-name-asian="Times New Roman" style:font-size-asian="10pt"/></style:style><style:style style:name="P23" style:family="paragraph" style:parent-style-name="Standard"><style:text-properties style:font-name="Roboto Light1"/></style:style><style:style style:name="P24" style:family="paragraph" style:parent-style-name="Standard"><style:text-properties style:font-name="Roboto Light1" fo:font-size="9pt" fo:font-weight="normal" style:font-size-asian="9pt" style:font-weight-asian="normal" style:font-size-complex="9pt" style:font-weight-complex="normal"/></style:style><style:style style:name="P25" style:family="paragraph" style:parent-style-name="Standard"><style:paragraph-properties fo:text-align="start" style:justify-single-word="false"/><style:text-properties style:font-name="Roboto Light1" fo:font-size="9pt" style:font-size-asian="9pt" style:font-size-complex="9pt"/></style:style><style:style style:name="P26" style:family="paragraph" style:parent-style-name="Standard"><style:text-properties style:font-name="Roboto Light1" fo:font-size="9pt" fo:language="de" fo:country="CH" officeooo:paragraph-rsid="002d2f00" style:font-name-asian="Arial" style:font-size-asian="9pt" style:font-name-complex="Arial" style:font-size-complex="9pt"/></style:style><style:style style:name="P27" style:family="paragraph" style:parent-style-name="Standard"><style:paragraph-properties fo:text-align="start" style:justify-single-word="false"/><style:text-properties style:font-name="Roboto Light1"/></style:style><style:style style:name="P28" style:family="paragraph" style:parent-style-name="Standard"><style:text-properties style:font-name="Roboto Light1" officeooo:rsid="004a6425" officeooo:paragraph-rsid="004a6425"/></style:style><style:style style:name="P29" style:family="paragraph" style:parent-style-name="Standard"><style:text-properties style:font-name="Roboto Light1" officeooo:rsid="004e1529" officeooo:paragraph-rsid="004e1529"/></style:style><style:style style:name="P30" style:family="paragraph" style:parent-style-name="Standard"><style:text-properties style:font-name="Roboto Light2"/></style:style><style:style style:name="P31" style:family="paragraph" style:parent-style-name="Standard"><style:text-properties style:font-name="Roboto Light2" officeooo:rsid="001e4714" officeooo:paragraph-rsid="001e4714"/></style:style><style:style style:name="P32" style:family="paragraph" style:parent-style-name="Standard"><style:paragraph-properties fo:text-align="start" style:justify-single-word="false"/><style:text-properties style:font-name="Roboto Light2"/></style:style><style:style style:name="P33" style:family="paragraph" style:parent-style-name="Standard"><style:text-properties style:font-name="Roboto Light2" officeooo:rsid="0038af21" officeooo:paragraph-rsid="0038af21"/></style:style><style:style style:name="P34" style:family="paragraph" style:parent-style-name="Standard"><style:text-properties fo:color="#000000" style:font-name="Roboto Light" fo:font-size="9pt" style:font-size-asian="9pt" style:font-size-complex="9pt"/></style:style><style:style style:name="P35" style:family="paragraph" style:parent-style-name="Standard"><style:text-properties officeooo:paragraph-rsid="002e9ecb"/></style:style><style:style style:name="P36" style:family="paragraph" style:parent-style-name="Standard"><style:text-properties officeooo:rsid="0048978f" officeooo:paragraph-rsid="0048978f"/></style:style><style:style style:name="P37" style:family="paragraph" style:parent-style-name="Small"><style:paragraph-properties fo:text-align="start" style:justify-single-word="false"><style:tab-stops><style:tab-stop style:position="1.0819in"/></style:tab-stops></style:paragraph-properties><style:text-properties fo:color="#c0c0c0"/></style:style><style:style style:name="P38" style:family="paragraph" style:parent-style-name="Small"><style:paragraph-properties><style:tab-stops><style:tab-stop style:position="3.2591in" style:type="center"/><style:tab-stop style:position="6.0492in" style:type="right"/></style:tab-stops></style:paragraph-properties></style:style><style:style style:name="P39" style:family="paragraph" style:parent-style-name="Small"><style:text-properties style:font-name="Roboto Light1"/></style:style><style:style style:name="P40" style:family="paragraph" style:parent-style-name="Standard"><style:paragraph-properties fo:margin-left="0in" fo:margin-right="-0.5492in" fo:text-indent="0in" style:auto-text-indent="false"><style:tab-stops><style:tab-stop style:position="3.0516in" style:type="center"/><style:tab-stop style:position="6.0311in"/></style:tab-stops></style:paragraph-properties></style:style><style:style style:name="P41" style:family="paragraph" style:parent-style-name="Standard"><style:paragraph-properties fo:margin-left="0in" fo:margin-right="-0.5492in" fo:text-indent="0in" style:auto-text-indent="false"><style:tab-stops><style:tab-stop style:position="4.8772in" style:type="center"/><style:tab-stop style:position="9.7634in"/></style:tab-stops></style:paragraph-properties></style:style><style:style style:name="P42" style:family="paragraph" style:parent-style-name="Table_20_Contents"><style:paragraph-properties fo:text-align="start" style:justify-single-word="false"/><style:text-properties fo:color="#808080" style:font-name="Roboto" fo:font-size="8pt" fo:font-weight="normal" officeooo:rsid="000ee956" officeooo:paragraph-rsid="0024d4fb" style:font-size-asian="8pt" style:font-weight-asian="normal" style:font-size-complex="8pt" style:font-weight-complex="normal"/></style:style><style:style style:name="P43" style:family="paragraph" style:parent-style-name="Table_20_Contents"><style:paragraph-properties fo:text-align="start" style:justify-single-word="false"/><style:text-properties fo:color="#808080" style:font-name="Roboto" fo:font-size="8pt" officeooo:rsid="000ee956" officeooo:paragraph-rsid="0029d61e" style:font-size-asian="8pt" style:font-size-complex="8pt"/></style:style><style:style style:name="P44" style:family="paragraph" style:parent-style-name="Table_20_Contents"><style:paragraph-properties fo:text-align="start" style:justify-single-word="false"><style:tab-stops><style:tab-stop style:position="0.122in"/></style:tab-stops></style:paragraph-properties><style:text-properties fo:color="#808080" style:font-name="Roboto" fo:font-size="8pt" officeooo:rsid="000ee956" officeooo:paragraph-rsid="0024d4fb" style:font-size-asian="8pt" style:font-size-complex="8pt"/></style:style><style:style style:name="P45" style:family="paragraph" style:parent-style-name="Contents_20_1"><style:paragraph-properties><style:tab-stops><style:tab-stop style:position="6.2437in" style:type="right" style:leader-style="dotted" style:leader-text="."/></style:tab-stops></style:paragraph-properties></style:style><style:style style:name="P46" style:family="paragraph" style:parent-style-name="Standard"><style:paragraph-properties fo:margin-left="0.4453in" fo:margin-right="0.4575in" fo:text-align="center" style:justify-single-word="false" fo:text-indent="0in" style:auto-text-indent="false"/><style:text-properties style:font-name="Roboto Light"/></style:style><style:style style:name="P47" style:family="paragraph" style:parent-style-name="Standard"><style:paragraph-properties fo:margin-top="0.1181in" fo:margin-bottom="0.0193in" loext:contextual-spacing="false" fo:text-align="start" style:justify-single-word="false"/><style:text-properties style:font-name="Roboto Medium1"/></style:style><style:style style:name="P48" style:family="paragraph" style:parent-style-name="Standard"><style:paragraph-properties fo:margin-top="0.1181in" fo:margin-bottom="0.0193in" loext:contextual-spacing="false" fo:text-align="start" style:justify-single-word="false"/><style:text-properties style:use-window-font-color="true" style:font-name="Roboto Medium1" fo:font-size="10pt" fo:language="de" fo:country="CH" style:font-name-asian="Times New Roman" style:font-size-asian="10pt"/></style:style><style:style style:name="P49" style:family="paragraph" style:parent-style-name="Table_20_Heading"><style:text-properties style:font-name="Roboto Medium1" officeooo:paragraph-rsid="0018ca7e"/></style:style><style:style style:name="P50" style:family="paragraph" style:parent-style-name="Standard"><style:paragraph-properties fo:margin-left="0in" fo:margin-right="-0.0098in" fo:text-align="center" style:justify-single-word="false" fo:text-indent="0in" style:auto-text-indent="false"/><style:text-properties style:font-name="Roboto Slab1" fo:font-size="24pt" style:font-size-asian="24pt" style:font-size-complex="24pt"/></style:style><style:style style:name="P51" style:family="paragraph" style:parent-style-name="Standard"><style:paragraph-properties fo:break-before="auto" fo:break-after="auto"/><style:text-properties style:use-window-font-color="true" style:font-name="Roboto Medium" fo:font-size="10pt" fo:language="de" fo:country="CH" officeooo:paragraph-rsid="002e9ecb" style:font-name-asian="Times New Roman" style:font-size-asian="10pt"/></style:style><style:style style:name="P52" style:family="paragraph" style:parent-style-name="Preformatted_20_Text"><style:paragraph-properties fo:text-align="center" style:justify-single-word="false"><style:tab-stops><style:tab-stop style:position="0.8429in"/></style:tab-stops></style:paragraph-properties><style:text-properties style:font-name="Roboto Light1" fo:font-size="14pt" officeooo:rsid="0046e7d8" officeooo:paragraph-rsid="0046e7d8" style:font-size-asian="14pt" style:font-size-complex="14pt"/></style:style><style:style style:name="P53" style:family="paragraph" style:parent-style-name="Standard"><style:text-properties style:font-name="Roboto Light1" fo:font-weight="normal" officeooo:rsid="00bcffeb" officeooo:paragraph-rsid="00bcffeb" style:font-weight-asian="normal" style:font-weight-complex="normal"/></style:style><style:style style:name="P54" style:family="paragraph" style:parent-style-name="Standard"><style:text-properties style:font-name="Roboto Light1" officeooo:rsid="00bdb8ba" officeooo:paragraph-rsid="00bdb8ba" fo:background-color="transparent"/></style:style><style:style style:name="P55" style:family="paragraph" style:parent-style-name="Standard"><style:paragraph-properties fo:text-align="center" style:justify-single-word="false"/><style:text-properties style:use-window-font-color="true" style:font-name="Roboto Light1" fo:font-size="10pt" fo:language="de" fo:country="CH" officeooo:rsid="00b478e5" officeooo:paragraph-rsid="00b478e5" style:font-name-asian="Times New Roman" style:font-size-asian="10pt"/></style:style><style:style style:name="P56" style:family="paragraph" style:parent-style-name="Standard"><style:paragraph-properties fo:text-align="center" style:justify-single-word="false"/><style:text-properties style:use-window-font-color="true" style:font-name="Roboto Light1" fo:font-size="10pt" fo:language="de" fo:country="CH" officeooo:rsid="00beef15" officeooo:paragraph-rsid="00beef15" style:font-name-asian="Times New Roman" style:font-size-asian="10pt"/></style:style><style:style style:name="P57" style:family="paragraph" style:parent-style-name="Standard"><style:text-properties style:use-window-font-color="true" style:font-name="Roboto Light1" fo:font-size="10pt" fo:language="de" fo:country="CH" officeooo:rsid="00bdb8ba" officeooo:paragraph-rsid="00bdb8ba" fo:background-color="transparent" style:font-name-asian="Times New Roman" style:font-size-asian="10pt"/></style:style><style:style style:name="P58" style:family="paragraph" style:parent-style-name="Standard"><style:text-properties style:use-window-font-color="true" style:font-name="Roboto Light1" fo:font-size="10pt" fo:language="de" fo:country="CH" officeooo:rsid="00bec0cd" officeooo:paragraph-rsid="00bec0cd" fo:background-color="transparent" style:font-name-asian="Times New Roman" style:font-size-asian="10pt"/></style:style><style:style style:name="P59" style:family="paragraph" style:parent-style-name="Standard"><style:text-properties style:use-window-font-color="true" style:font-name="Roboto Light1" fo:font-size="10pt" fo:language="de" fo:country="CH" officeooo:rsid="00c51713" officeooo:paragraph-rsid="00c51713" fo:background-color="transparent" style:font-name-asian="Times New Roman" style:font-size-asian="10pt"/></style:style><style:style style:name="P60" style:family="paragraph" style:parent-style-name="Standard"><style:text-properties officeooo:rsid="00bcffeb" officeooo:paragraph-rsid="00bcffeb"/></style:style><style:style style:name="P61" style:family="paragraph" style:parent-style-name="Standard"><style:text-properties style:font-name="Humnst777 Lt BT1" officeooo:rsid="00c36693" officeooo:paragraph-rsid="00c36693"/></style:style><style:style style:name="P62" style:family="paragraph" style:parent-style-name="Standard"><style:text-properties officeooo:rsid="00c6098a" officeooo:paragraph-rsid="00c6098a"/></style:style><style:style style:name="P63" style:family="paragraph" style:parent-style-name="Standard"><style:text-properties officeooo:rsid="00c7b021" officeooo:paragraph-rsid="00c7b021"/></style:style><style:style style:name="P64" style:family="paragraph" style:parent-style-name="Standard"><style:text-properties officeooo:rsid="00c823ca" officeooo:paragraph-rsid="00c823ca"/></style:style><style:style style:name="P65" style:family="paragraph" style:parent-style-name="Standard" style:list-style-name="L2"><style:text-properties officeooo:paragraph-rsid="0096b705"/></style:style><style:style style:name="P66" style:family="paragraph" style:parent-style-name="Standard" style:list-style-name="L2"><style:text-properties officeooo:rsid="00cc5733" officeooo:paragraph-rsid="00cc5733"/></style:style><style:style style:name="P67" style:family="paragraph" style:parent-style-name="Standard" style:master-page-name="PITC_5f_title_5f_page"><style:paragraph-properties style:page-number="auto"/><style:text-properties style:font-name="Roboto Light2"/></style:style><style:style style:name="P68" style:family="paragraph" style:parent-style-name="Standard" style:list-style-name="L1"><style:paragraph-properties fo:margin-left="0in" fo:margin-right="0.0035in" fo:text-indent="0in" style:auto-text-indent="false"><style:tab-stops/></style:paragraph-properties><style:text-properties style:font-name="Roboto Light1" officeooo:rsid="004a6425" officeooo:paragraph-rsid="004a6425" fo:background-color="transparent"/></style:style><style:style style:name="P69" style:family="paragraph" style:parent-style-name="Heading" style:master-page-name="PITC_5f_right_5f_page"><style:paragraph-properties style:page-number="auto"/><style:text-properties style:font-name="Roboto Slab2" officeooo:rsid="001c9591" officeooo:paragraph-rsid="001c9591"/></style:style><style:style style:name="P70" style:family="paragraph" style:parent-style-name="Heading_20_1"><style:text-properties style:use-window-font-color="true" style:font-name="Roboto Slab2" fo:font-size="10pt" fo:language="de" fo:country="CH" style:letter-kerning="true" style:font-name-asian="Times New Roman" style:font-size-asian="10pt"/></style:style><style:style style:name="P71" style:family="paragraph" style:parent-style-name="Heading_20_1"><style:text-properties style:use-window-font-color="true" style:font-name="Roboto Slab2" fo:font-size="10pt" fo:language="de" fo:country="CH" officeooo:paragraph-rsid="00660821" style:letter-kerning="true" style:font-name-asian="Times New Roman" style:font-size-asian="10pt"/></style:style><style:style style:name="P72" style:family="paragraph" style:parent-style-name="Heading_20_1"><style:text-properties style:use-window-font-color="true" style:font-name="Roboto Slab2" fo:font-size="10pt" fo:language="de" fo:country="CH" officeooo:rsid="001295d9" officeooo:paragraph-rsid="001295d9" style:letter-kerning="true" style:font-name-asian="Times New Roman" style:font-size-asian="10pt"/></style:style><style:style style:name="P73" style:family="paragraph" style:parent-style-name="Heading_20_1"><style:paragraph-properties fo:orphans="2" fo:widows="2"/><style:text-properties style:use-window-font-color="true" style:font-name="Roboto Slab2" fo:font-size="10pt" fo:language="de" fo:country="CH" style:font-name-asian="Times New Roman" style:font-size-asian="10pt"/></style:style><style:style style:name="P74" style:family="paragraph" style:parent-style-name="Heading_20_1"><style:paragraph-properties fo:break-before="page"/></style:style><style:style style:name="P75" style:family="paragraph" style:parent-style-name="Heading_20_1"><style:paragraph-properties fo:break-before="auto" fo:break-after="auto"/><style:text-properties style:use-window-font-color="true" style:font-name="Roboto Slab2" fo:font-size="10pt" fo:language="de" fo:country="CH" officeooo:rsid="001295d9" officeooo:paragraph-rsid="001295d9" style:letter-kerning="true" style:font-name-asian="Times New Roman" style:font-size-asian="10pt"/></style:style><style:style style:name="T1" style:family="text"><style:text-properties fo:font-size="8pt" style:font-size-asian="8pt" style:font-size-complex="8pt"/></style:style><style:style style:name="T2" style:family="text"><style:text-properties style:font-name="Roboto Slab2"/></style:style><style:style style:name="T3" style:family="text"><style:text-properties officeooo:rsid="00990d9f"/></style:style><style:style style:name="T4" style:family="text"><style:text-properties officeooo:rsid="00c1785e"/></style:style><style:style style:name="T5" style:family="text"><style:text-properties officeooo:rsid="00c33a7e"/></style:style><style:style style:name="T6" style:family="text"><style:text-properties officeooo:rsid="00c36693"/></style:style><style:style style:name="T7" style:family="text"><style:text-properties officeooo:rsid="00c8f426"/></style:style><style:style style:name="T8" style:family="text"><style:text-properties officeooo:rsid="0096b705"/></style:style><style:style style:name="T9" style:family="text"><style:text-properties officeooo:rsid="00ce2b70"/></style:style><style:style style:name="T10" style:family="text"/><style:style style:name="fr1" style:family="graphic" style:parent-style-name="Frame"><style:graphic-properties style:wrap="run-through" style:number-wrapped-paragraphs="no-limit" style:vertical-pos="from-top" style:vertical-rel="paragraph" style:horizontal-pos="from-left" style:horizontal-rel="paragraph" fo:background-color="#ffffff" style:background-transparency="0%" draw:fill="solid" draw:fill-color="#ffffff" draw:opacity="100%" fo:padding-left="0.1102in" fo:padding-right="0.1102in" fo:padding-top="0.0602in" fo:padding-bottom="0.0602in" fo:border="none"/></style:style><style:style style:name="fr2" style:family="graphic" style:parent-style-name="Frame"><style:graphic-properties style:print-content="false" style:wrap="run-through" style:number-wrapped-paragraphs="no-limit" style:vertical-pos="from-top" style:vertical-rel="paragraph" style:horizontal-pos="from-left" style:horizontal-rel="paragraph" fo:background-color="#ffffff" style:background-transparency="0%" draw:fill="solid" draw:fill-color="#ffffff" draw:opacity="100%" fo:padding-left="0.1102in" fo:padding-right="0.1102in" fo:padding-top="0.0602in" fo:padding-bottom="0.0602in" fo:border="none"/></style:style><style:style style:name="fr3" style:family="graphic" style:parent-style-name="Frame"><style:graphic-properties style:protect="none" style:wrap="run-through" style:number-wrapped-paragraphs="no-limit" style:vertical-pos="from-top" style:vertical-rel="paragraph" style:horizontal-pos="from-left" style:horizontal-rel="paragraph" fo:background-color="#ffffff" style:background-transparency="0%" draw:fill="solid" draw:fill-color="#ffffff" draw:opacity="100%" fo:padding-left="0.1102in" fo:padding-right="0.1102in" fo:padding-top="0.0602in" fo:padding-bottom="0.0602in" fo:border="none"/></style:style><style:style style:name="fr4" style:family="graphic" style:parent-style-name="Frame"><style:graphic-properties style:run-through="foreground" style:protect="content size position" style:wrap="run-through" style:number-wrapped-paragraphs="no-limit" style:vertical-pos="from-top" style:vertical-rel="paragraph" style:horizontal-pos="from-left" style:horizontal-rel="paragraph" fo:background-color="#ffffff" style:background-transparency="0%" draw:fill="solid" draw:fill-color="#ffffff" draw:opacity="100%" fo:padding-left="0.1102in" fo:padding-right="0.1102in" fo:padding-top="0.0602in" fo:padding-bottom="0.0602in" fo:border="none"><style:columns fo:column-count="1" fo:column-gap="0in"/></style:graphic-properties></style:style><style:style style:name="fr5" style:family="graphic" style:parent-style-name="Frame"><style:graphic-properties fo:margin-left="0in" fo:margin-right="0in" fo:margin-top="0in" fo:margin-bottom="0in" style:print-content="false" style:protect="none" style:vertical-pos="from-top" style:vertical-rel="page" style:horizontal-pos="from-left" style:horizontal-rel="page" fo:background-color="#ffff00" style:background-transparency="0%" draw:fill="solid" draw:fill-color="#ffff00" draw:opacity="100%" fo:padding="0.0591in" fo:border="0.99pt solid #999999" style:shadow="none" draw:shadow-opacity="100%" style:flow-with-text="false"/></style:style><style:style style:name="fr6" style:family="graphic" style:parent-style-name="Frame"><style:graphic-properties fo:margin-left="0in" fo:margin-right="0in" fo:margin-top="0in" fo:margin-bottom="0in" style:print-content="false" style:protect="content size position" style:vertical-pos="from-top" style:vertical-rel="page" style:horizontal-pos="from-left" style:horizontal-rel="page" fo:background-color="transparent" draw:fill="none" draw:fill-color="#ffffff" fo:padding="0in" fo:border="0.99pt solid #ffffff" style:shadow="none" draw:shadow-opacity="100%" style:flow-with-text="false"/></style:style><style:style style:name="fr7" style:family="graphic" style:parent-style-name="Frame"><style:graphic-properties fo:margin-left="0in" fo:margin-right="0in" fo:margin-top="0in" fo:margin-bottom="0in" style:print-content="false" style:protect="none" style:vertical-pos="from-top" style:vertical-rel="page" style:horizontal-pos="from-left" style:horizontal-rel="page" fo:background-color="transparent" draw:fill="none" draw:fill-color="#ffffff" fo:padding="0in" fo:border="0.99pt solid #ffffff" style:shadow="none" draw:shadow-opacity="100%" style:flow-with-text="false"/></style:style><style:style style:name="fr8" style:family="graphic" style:parent-style-name="Frame"><style:graphic-properties fo:margin-left="0in" fo:margin-right="0in" fo:margin-top="0in" fo:margin-bottom="0in" style:print-content="false" style:protect="none" style:vertical-pos="from-top" style:vertical-rel="page" style:horizontal-pos="from-left" style:horizontal-rel="page" fo:background-color="transparent" draw:fill="none" fo:padding="0in" fo:border="0.99pt solid #ffffff" style:shadow="none" draw:shadow-opacity="100%" style:flow-with-text="false"/></style:style><style:style style:name="fr9" style:family="graphic" style:parent-style-name="Frame"><style:graphic-properties style:protect="position" style:vertical-pos="from-top" style:vertical-rel="page" style:horizontal-pos="from-left" style:horizontal-rel="page"/></style:style><style:style style:name="fr10" style:family="graphic" style:parent-style-name="Frame"><style:graphic-properties fo:margin-left="0in" fo:margin-right="0in" fo:margin-top="0in" fo:margin-bottom="0in" style:protect="position" style:vertical-pos="from-top" style:vertical-rel="page" style:horizontal-pos="from-left" style:horizontal-rel="page" fo:background-color="transparent" draw:fill="none" draw:fill-color="#ffffff" fo:padding="0in" fo:border="none" style:shadow="none" draw:shadow-opacity="100%" style:flow-with-text="false"/></style:style><style:style style:name="fr11" style:family="graphic" style:parent-style-name="Frame"><style:graphic-properties fo:margin-left="0in" fo:margin-right="0in" fo:margin-top="0in" fo:margin-bottom="0in" style:protect="position" style:vertical-pos="from-top" style:vertical-rel="paragraph" style:horizontal-pos="from-left" style:horizontal-rel="paragraph" fo:background-color="transparent" draw:fill="none" draw:fill-color="#ffffff" fo:padding="0.2165in" fo:border-left="none" fo:border-right="none" fo:border-top="none" fo:border-bottom="0.99pt solid #999999" style:shadow="none" draw:shadow-opacity="100%" style:flow-with-text="false"/></style:style><style:style style:name="fr12" style:family="graphic" style:parent-style-name="Frame"><style:graphic-properties fo:margin-left="0in" fo:margin-right="0in" fo:margin-top="0in" fo:margin-bottom="0in" style:protect="position" style:vertical-pos="from-top" style:vertical-rel="paragraph" style:horizontal-pos="from-left" style:horizontal-rel="paragraph" fo:background-color="transparent" draw:fill="none" draw:fill-color="#ffffff" fo:padding="0.0591in" fo:border="0.99pt solid #999999" style:shadow="none" draw:shadow-opacity="100%" style:flow-with-text="false"/></style:style><style:style style:name="fr13" style:family="graphic" style:parent-style-name="Frame"><style:graphic-properties fo:margin-left="0in" fo:margin-right="0in" fo:margin-top="0in" fo:margin-bottom="0in" style:print-content="true" style:protect="size position" style:vertical-pos="from-top" style:vertical-rel="paragraph" style:horizontal-pos="from-left" style:horizontal-rel="paragraph" fo:background-color="transparent" draw:fill="none" draw:fill-color="#ffffff" fo:padding="0.0591in" fo:border="0.99pt solid #999999" style:shadow="none" draw:shadow-opacity="100%" style:flow-with-text="false"/></style:style><style:style style:name="fr14" style:family="graphic" style:parent-style-name="Frame"><style:graphic-properties fo:margin-left="0in" fo:margin-right="0in" fo:margin-top="0in" fo:margin-bottom="0in" style:protect="size position" style:vertical-pos="from-top" style:vertical-rel="paragraph" style:horizontal-pos="from-left" style:horizontal-rel="paragraph" fo:background-color="transparent" draw:fill="none" draw:fill-color="#ffffff" fo:padding="0.0591in" fo:border="0.99pt solid #999999" style:shadow="none" draw:shadow-opacity="100%" style:flow-with-text="false"/></style:style><style:style style:name="fr15" style:family="graphic" style:parent-style-name="Graphics"><style:graphic-properties style:vertical-pos="from-top" style:vertical-rel="paragraph" style:horizontal-pos="from-left" style:horizontal-rel="paragraph" fo:background-color="transparent" draw:fill="none" draw:opacity="0%" style:shadow="none" draw:shadow-opacity="100%" style:mirror="none" fo:clip="rect(0in, 0in, 0in, 0in)" draw:luminance="0%" draw:contrast="0%" draw:red="0%" draw:green="0%" draw:blue="0%" draw:gamma="100%" draw:color-inversion="false" draw:image-opacity="100%" draw:color-mode="standard"/></style:style><style:style style:name="fr16" style:family="graphic" style:parent-style-name="Graphics"><style:graphic-properties style:horizontal-pos="center" style:horizontal-rel="paragraph" style:mirror="none" fo:clip="rect(0in, 0in, 0in, 0in)" draw:luminance="0%" draw:contrast="0%" draw:red="0%" draw:green="0%" draw:blue="0%" draw:gamma="100%" draw:color-inversion="false" draw:image-opacity="100%" draw:color-mode="standard"/></style:style><style:style style:name="Sect1" style:family="section"><style:section-properties style:editable="false"><style:columns fo:column-count="1" fo:column-gap="0in"/></style:section-properties></style:style><text:list-style style:name="L1"><text:list-level-style-bullet text:level="1" text:style-name="Bullet_20_Symbols" text:bullet-char="•"><style:list-level-properties text:list-level-position-and-space-mode="label-alignment"><style:list-level-label-alignment text:label-followed-by="listtab" text:list-tab-stop-position="0.5in" fo:text-indent="-0.25in" fo:margin-left="0.5in"/></style:list-level-properties></text:list-level-style-bullet><text:list-level-style-bullet text:level="2" text:style-name="Bullet_20_Symbols" text:bullet-char="◦"><style:list-level-properties text:list-level-position-and-space-mode="label-alignment"><style:list-level-label-alignment text:label-followed-by="listtab" text:list-tab-stop-position="0.75in" fo:text-indent="-0.25in" fo:margin-left="0.75in"/></style:list-level-properties></text:list-level-style-bullet><text:list-level-style-bullet text:level="3" text:style-name="Bullet_20_Symbols" text:bullet-char="▪"><style:list-level-properties text:list-level-position-and-space-mode="label-alignment"><style:list-level-label-alignment text:label-followed-by="listtab" text:list-tab-stop-position="1in" fo:text-indent="-0.25in" fo:margin-left="1in"/></style:list-level-properties></text:list-level-style-bullet><text:list-level-style-bullet text:level="4" text:style-name="Bullet_20_Symbols" text:bullet-char="•"><style:list-level-properties text:list-level-position-and-space-mode="label-alignment"><style:list-level-label-alignment text:label-followed-by="listtab" text:list-tab-stop-position="1.25in" fo:text-indent="-0.25in" fo:margin-left="1.25in"/></style:list-level-properties></text:list-level-style-bullet><text:list-level-style-bullet text:level="5" text:style-name="Bullet_20_Symbols" text:bullet-char="◦"><style:list-level-properties text:list-level-position-and-space-mode="label-alignment"><style:list-level-label-alignment text:label-followed-by="listtab" text:list-tab-stop-position="1.5in" fo:text-indent="-0.25in" fo:margin-left="1.5in"/></style:list-level-properties></text:list-level-style-bullet><text:list-level-style-bullet text:level="6" text:style-name="Bullet_20_Symbols" text:bullet-char="▪"><style:list-level-properties text:list-level-position-and-space-mode="label-alignment"><style:list-level-label-alignment text:label-followed-by="listtab" text:list-tab-stop-position="1.75in" fo:text-indent="-0.25in" fo:margin-left="1.75in"/></style:list-level-properties></text:list-level-style-bullet><text:list-level-style-bullet text:level="7" text:style-name="Bullet_20_Symbols" text:bullet-char="•"><style:list-level-properties text:list-level-position-and-space-mode="label-alignment"><style:list-level-label-alignment text:label-followed-by="listtab" text:list-tab-stop-position="2in" fo:text-indent="-0.25in" fo:margin-left="2in"/></style:list-level-properties></text:list-level-style-bullet><text:list-level-style-bullet text:level="8" text:style-name="Bullet_20_Symbols" text:bullet-char="◦"><style:list-level-properties text:list-level-position-and-space-mode="label-alignment"><style:list-level-label-alignment text:label-followed-by="listtab" text:list-tab-stop-position="2.25in" fo:text-indent="-0.25in" fo:margin-left="2.25in"/></style:list-level-properties></text:list-level-style-bullet><text:list-level-style-bullet text:level="9" text:style-name="Bullet_20_Symbols" text:bullet-char="▪"><style:list-level-properties text:list-level-position-and-space-mode="label-alignment"><style:list-level-label-alignment text:label-followed-by="listtab" text:list-tab-stop-position="2.5in" fo:text-indent="-0.25in" fo:margin-left="2.5in"/></style:list-level-properties></text:list-level-style-bullet><text:list-level-style-bullet text:level="10" text:style-name="Bullet_20_Symbols" text:bullet-char="•"><style:list-level-properties text:list-level-position-and-space-mode="label-alignment"><style:list-level-label-alignment text:label-followed-by="listtab" text:list-tab-stop-position="2.75in" fo:text-indent="-0.25in" fo:margin-left="2.75in"/></style:list-level-properties></text:list-level-style-bullet></text:list-style><text:list-style style:name="L2"><text:list-level-style-bullet text:level="1" text:style-name="Bullet_20_Symbols" text:bullet-char="•"><style:list-level-properties text:list-level-position-and-space-mode="label-alignment"><style:list-level-label-alignment text:label-followed-by="listtab" text:list-tab-stop-position="0.5in" fo:text-indent="-0.25in" fo:margin-left="0.5in"/></style:list-level-properties></text:list-level-style-bullet><text:list-level-style-bullet text:level="2" text:style-name="Bullet_20_Symbols" text:bullet-char="◦"><style:list-level-properties text:list-level-position-and-space-mode="label-alignment"><style:list-level-label-alignment text:label-followed-by="listtab" text:list-tab-stop-position="0.75in" fo:text-indent="-0.25in" fo:margin-left="0.75in"/></style:list-level-properties></text:list-level-style-bullet><text:list-level-style-bullet text:level="3" text:style-name="Bullet_20_Symbols" text:bullet-char="▪"><style:list-level-properties text:list-level-position-and-space-mode="label-alignment"><style:list-level-label-alignment text:label-followed-by="listtab" text:list-tab-stop-position="1in" fo:text-indent="-0.25in" fo:margin-left="1in"/></style:list-level-properties></text:list-level-style-bullet><text:list-level-style-bullet text:level="4" text:style-name="Bullet_20_Symbols" text:bullet-char="•"><style:list-level-properties text:list-level-position-and-space-mode="label-alignment"><style:list-level-label-alignment text:label-followed-by="listtab" text:list-tab-stop-position="1.25in" fo:text-indent="-0.25in" fo:margin-left="1.25in"/></style:list-level-properties></text:list-level-style-bullet><text:list-level-style-bullet text:level="5" text:style-name="Bullet_20_Symbols" text:bullet-char="◦"><style:list-level-properties text:list-level-position-and-space-mode="label-alignment"><style:list-level-label-alignment text:label-followed-by="listtab" text:list-tab-stop-position="1.5in" fo:text-indent="-0.25in" fo:margin-left="1.5in"/></style:list-level-properties></text:list-level-style-bullet><text:list-level-style-bullet text:level="6" text:style-name="Bullet_20_Symbols" text:bullet-char="▪"><style:list-level-properties text:list-level-position-and-space-mode="label-alignment"><style:list-level-label-alignment text:label-followed-by="listtab" text:list-tab-stop-position="1.75in" fo:text-indent="-0.25in" fo:margin-left="1.75in"/></style:list-level-properties></text:list-level-style-bullet><text:list-level-style-bullet text:level="7" text:style-name="Bullet_20_Symbols" text:bullet-char="•"><style:list-level-properties text:list-level-position-and-space-mode="label-alignment"><style:list-level-label-alignment text:label-followed-by="listtab" text:list-tab-stop-position="2in" fo:text-indent="-0.25in" fo:margin-left="2in"/></style:list-level-properties></text:list-level-style-bullet><text:list-level-style-bullet text:level="8" text:style-name="Bullet_20_Symbols" text:bullet-char="◦"><style:list-level-properties text:list-level-position-and-space-mode="label-alignment"><style:list-level-label-alignment text:label-followed-by="listtab" text:list-tab-stop-position="2.25in" fo:text-indent="-0.25in" fo:margin-left="2.25in"/></style:list-level-properties></text:list-level-style-bullet><text:list-level-style-bullet text:level="9" text:style-name="Bullet_20_Symbols" text:bullet-char="▪"><style:list-level-properties text:list-level-position-and-space-mode="label-alignment"><style:list-level-label-alignment text:label-followed-by="listtab" text:list-tab-stop-position="2.5in" fo:text-indent="-0.25in" fo:margin-left="2.5in"/></style:list-level-properties></text:list-level-style-bullet><text:list-level-style-bullet text:level="10" text:style-name="Bullet_20_Symbols" text:bullet-char="•"><style:list-level-properties text:list-level-position-and-space-mode="label-alignment"><style:list-level-label-alignment text:label-followed-by="listtab" text:list-tab-stop-position="2.75in" fo:text-indent="-0.25in" fo:margin-left="2.75in"/></style:list-level-properties></text:list-level-style-bullet></text:list-style></office:automatic-styles><office:body><office:text text:use-soft-page-breaks="true"><office:forms form:automatic-focus="false" form:apply-design-mode="false"/><text:sequence-decls><text:sequence-decl text:display-outline-level="0" text:name="Illustration"/><text:sequence-decl text:display-outline-level="0" text:name="Table"/><text:sequence-decl text:display-outline-level="0" text:name="Text"/><text:sequence-decl text:display-outline-level="0" text:name="Drawing"/></text:sequence-decls><draw:frame draw:style-name="fr5" draw:name="pitc_project_shortid" text:anchor-type="page" text:anchor-page-number="1" svg:x="2.4555in" svg:y="1.0945in" svg:width="0.6472in" draw:z-index="7"><draw:text-box fo:min-height="0.3126in"><text:p text:style-name="P61">[PROJECT]</text:p></draw:text-box></draw:frame><draw:frame draw:style-name="fr5" draw:name="pitc_org_unit" text:anchor-type="page" text:anchor-page-number="1" svg:x="3.4701in" svg:y="1.1in" svg:width="0.6772in" draw:z-index="8"><draw:text-box fo:min-height="0.3126in"><text:p text:style-name="P61">[SECTION]</text:p></draw:text-box></draw:frame><draw:frame draw:style-name="fr6" draw:name="Frame8" text:anchor-type="page" text:anchor-page-number="1" svg:x="1.4665in" svg:y="0.9264in" svg:width="0.7681in" draw:z-index="9"><draw:text-box fo:min-height="0.1744in"><text:p text:style-name="Small">Kundenkürzel</text:p></draw:text-box></draw:frame><draw:frame draw:style-name="fr7" draw:name="Frame7" text:anchor-type="page" text:anchor-page-number="1" svg:x="3.4701in" svg:y="0.9299in" svg:width="0.7681in" draw:z-index="10"><draw:text-box fo:min-height="0.1744in"><text:p text:style-name="P39">Bereichskürzel</text:p></draw:text-box></draw:frame><draw:frame draw:style-name="fr5" draw:name="pitc_customer_shortid" text:anchor-type="page" text:anchor-page-number="1" svg:x="1.4665in" svg:y="1.1in" svg:width="0.6547in" draw:z-index="11"><draw:text-box fo:min-height="0.3126in"><text:p text:style-name="P61">[CLIENT]</text:p></draw:text-box></draw:frame><draw:frame draw:style-name="fr8" draw:name="Frame6" text:anchor-type="page" text:anchor-page-number="1" svg:x="2.4555in" svg:y="0.9209in" svg:width="0.7681in" draw:z-index="12"><draw:text-box fo:min-height="0.1744in"><text:p text:style-name="P39">Projektkürzel</text:p></draw:text-box></draw:frame><draw:frame draw:style-name="fr9" draw:name="frame-image" text:anchor-type="page" text:anchor-page-number="3" svg:x="5.8299in" svg:y="1.65in" svg:width="1.2535in" svg:height="1.2583in" draw:z-index="13"><draw:text-box><table:table table:name="tbl-image" table:style-name="tbl-image"><table:table-column table:style-name="tbl-image.A"/><table:table-row table:style-name="tbl-image.1"><table:table-cell table:style-name="tbl-image.A1" office:value-type="string"><text:p text:style-name="Table_20_Contents"><draw:frame draw:style-name="fr16" draw:name="Grafik1" text:anchor-type="paragraph" svg:width="1.1772in" svg:height="1.1772in" draw:z-index="14"><draw:image xlink:href="Pictures/100002010000020000000200BC2B74596AF3A9D9.png" xlink:type="simple" xlink:show="embed" xlink:actuate="onLoad"/></draw:frame></text:p></table:table-cell></table:table-row></table:table><text:p text:style-name="Frame_20_contents"/></draw:text-box></draw:frame><draw:frame draw:style-name="fr10" draw:name="pitc_subject" text:anchor-type="page" text:anchor-page-number="1" svg:x="1.4528in" svg:y="2.2417in" svg:width="6.0602in" draw:z-index="15"><draw:text-box fo:min-height="0.4862in"><text:p text:style-name="P50">Curiculum Vitae - <text:span text:style-name="T5">[NAME]</text:span></text:p></draw:text-box></draw:frame><text:p text:style-name="P67"/><text:p text:style-name="P30"/><text:p text:style-name="P30"/><text:p text:style-name="P32"/><text:p text:style-name="P52">[TITLE_FUNCTION]</text:p><text:p text:style-name="P30"/><text:p text:style-name="P30"><draw:frame draw:style-name="fr11" draw:name="pitc_abstract" text:anchor-type="paragraph" svg:x="0.002in" svg:y="0.0138in" svg:width="6.0457in" draw:z-index="0"><draw:text-box fo:min-height="0.6917in"><text:p text:style-name="P46">Der vorliegende Lebenslauf ist nur für die aufgeführte Empfängerfirma bestimmt. </text:p><text:p text:style-name="P46">Die darin enthaltenen Personendaten sind vertraulich zu behandeln.</text:p></draw:text-box></draw:frame></text:p><text:p text:style-name="P30"/><text:p text:style-name="P30"/><text:p text:style-name="P30"/><text:p text:style-name="P30"/><text:p text:style-name="P31"/><text:p text:style-name="P30"/><text:p text:style-name="P30"/><text:p text:style-name="P30"/><text:p text:style-name="P30"/><text:p text:style-name="P30"/><text:p text:style-name="P30"/><text:p text:style-name="P30"/><text:p text:style-name="P30"/><text:p text:style-name="P30"/><text:p text:style-name="P30"/><table:table table:name="Table4" table:style-name="Table4"><table:table-column table:style-name="Table4.A"/><table:table-column table:style-name="Table4.B"/><table:table-row><table:table-cell table:style-name="Table4.A1" office:value-type="string"><text:p text:style-name="P47">Erstellt für</text:p></table:table-cell><table:table-cell table:style-name="Table4.A1" office:value-type="string"><text:p text:style-name="Standard"><draw:frame draw:style-name="fr12" draw:name="pitc_created_for" text:anchor-type="paragraph" svg:x="0.0354in" svg:y="0.0354in" svg:width="2.2201in" draw:z-index="5"><draw:text-box fo:min-height="0.2193in"><text:p text:style-name="P26">@company</text:p></draw:text-box></draw:frame></text:p></table:table-cell></table:table-row></table:table><text:p text:style-name="Standard"/><text:p text:style-name="P30"/><text:p text:style-name="P30"/><table:table table:name="Table3" table:style-name="Table3"><table:table-column table:style-name="Table3.A"/><table:table-column table:style-name="Table3.B"/><table:table-row><table:table-cell table:style-name="Table3.A1" office:value-type="string"><text:p text:style-name="P48">Kontaktperson</text:p></table:table-cell><table:table-cell table:style-name="Table3.A1" office:value-type="string"><text:p text:style-name="Standard"><draw:frame draw:style-name="fr13" draw:name="pitc_contact_to_name" text:anchor-type="paragraph" svg:x="0.0354in" svg:y="0.0354in" svg:width="2.2201in" svg:height="0.3008in" draw:z-index="4"><draw:text-box><text:p text:style-name="P24">@contact</text:p></draw:text-box></draw:frame></text:p></table:table-cell></table:table-row></table:table><text:p text:style-name="P23"/><table:table table:name="Table2" table:style-name="Table2"><table:table-column table:style-name="Table2.A"/><table:table-column table:style-name="Table2.B"/><table:table-row><table:table-cell table:style-name="Table2.A1" office:value-type="string"><text:p text:style-name="P48">Telefon</text:p></table:table-cell><table:table-cell table:style-name="Table2.A1" office:value-type="string"><text:p text:style-name="Standard"><draw:frame draw:style-name="fr13" draw:name="pitc_contact_to_phone" text:anchor-type="paragraph" svg:x="0.0354in" svg:y="0.0354in" svg:width="2.2201in" svg:height="0.2992in" draw:z-index="6"><draw:text-box><text:p text:style-name="P7">@phonenumber</text:p></draw:text-box></draw:frame></text:p></table:table-cell></table:table-row></table:table><text:p text:style-name="P23"/><table:table table:name="Table7" table:style-name="Table7"><table:table-column table:style-name="Table7.A"/><table:table-column table:style-name="Table7.B"/><table:table-row><table:table-cell table:style-name="Table7.A1" office:value-type="string"><text:p text:style-name="P48">E-Mail</text:p></table:table-cell><table:table-cell table:style-name="Table7.A1" office:value-type="string"><text:p text:style-name="Standard"><draw:frame draw:style-name="fr13" draw:name="pitc_contact_to_mail" text:anchor-type="paragraph" svg:x="0.0354in" svg:y="0.0354in" svg:width="2.2201in" svg:height="0.2992in" draw:z-index="3"><draw:text-box><text:p text:style-name="P6">@email</text:p></draw:text-box></draw:frame></text:p></table:table-cell></table:table-row></table:table><text:p text:style-name="P23"/><table:table table:name="Table6" table:style-name="Table6"><table:table-column table:style-name="Table6.A"/><table:table-column table:style-name="Table6.B"/><table:table-row><table:table-cell table:style-name="Table6.A1" office:value-type="string"><text:p text:style-name="P48">Datum</text:p></table:table-cell><table:table-cell table:style-name="Table6.A1" office:value-type="string"><text:p text:style-name="Standard"><draw:frame draw:style-name="fr14" draw:name="pitc_date_display" text:anchor-type="paragraph" svg:x="0.0354in" svg:y="0.0354in" svg:width="2.2201in" svg:height="0.2992in" draw:z-index="1"><draw:text-box><text:p text:style-name="P34">@exportdate</text:p></draw:text-box></draw:frame></text:p></table:table-cell></table:table-row></table:table><text:p text:style-name="P27"/><table:table table:name="Table9" table:style-name="Table9"><table:table-column table:style-name="Table9.A"/><table:table-column table:style-name="Table9.B"/><table:table-row><table:table-cell table:style-name="Table9.A1" office:value-type="string"><text:p text:style-name="P48">Version</text:p></table:table-cell><table:table-cell table:style-name="Table9.A1" office:value-type="string"><text:p text:style-name="Standard"><draw:frame draw:style-name="fr14" draw:name="pitc_version" text:anchor-type="paragraph" svg:x="0.0354in" svg:y="0.0354in" svg:width="2.2201in" svg:height="0.2992in" draw:z-index="2"><draw:text-box><text:p text:style-name="P25"><text:user-defined style:data-style-name="N0" text:name="Info 2">1.0</text:user-defined></text:p></draw:text-box></draw:frame></text:p></table:table-cell></table:table-row></table:table><text:p text:style-name="P30"/><text:p text:style-name="P33"/><text:p text:style-name="P69">Revisionsgeschichte</text:p><table:table table:name="Table1" table:style-name="Table1"><table:table-column table:style-name="Table1.A"/><table:table-column table:style-name="Table1.B"/><table:table-column table:style-name="Table1.C"/><table:table-column table:style-name="Table1.D"/><table:table-header-rows><table:table-row><table:table-cell table:style-name="Table1.A1" office:value-type="string"><text:p text:style-name="P49">Datum</text:p></table:table-cell><table:table-cell table:style-name="Table1.A1" office:value-type="string"><text:p text:style-name="P49">Version</text:p></table:table-cell><table:table-cell table:style-name="Table1.A1" office:value-type="string"><text:p text:style-name="P49">Autor(en)</text:p></table:table-cell><table:table-cell table:style-name="Table1.D1" office:value-type="string"><text:p text:style-name="P49">Bemerkungen</text:p></table:table-cell></table:table-row></table:table-header-rows><table:table-row><table:table-cell table:style-name="Table1.A2" office:value-type="string"><text:p text:style-name="P62">[DATE]</text:p></table:table-cell><table:table-cell table:style-name="Table1.A2" office:value-type="string"><text:p text:style-name="P63">[VERSION]</text:p></table:table-cell><table:table-cell table:style-name="Table1.C2" office:value-type="string"><text:p text:style-name="P36">[NAME]</text:p></table:table-cell><table:table-cell table:style-name="Table1.D2" office:value-type="string"><text:p text:style-name="P64">[COMMENT]</text:p></table:table-cell></table:table-row></table:table><text:p text:style-name="P22"/><text:p text:style-name="P19"/><text:p text:style-name="P19"/><text:table-of-content text:style-name="Sect1" text:protected="true" text:name="Inhaltsverzeichnis1"><text:table-of-content-source text:outline-level="10"><text:index-title-template text:style-name="Contents_20_Heading">Inhaltsverzeichnis</text:index-title-template><text:table-of-content-entry-template text:outline-level="1" text:style-name="Contents_20_1"><text:index-entry-chapter/><text:index-entry-span>   </text:index-entry-span><text:index-entry-text/><text:index-entry-tab-stop style:type="right" style:leader-char="."/><text:index-entry-page-number/></text:table-of-content-entry-template><text:table-of-content-entry-template text:outline-level="2" text:style-name="Contents_20_2"><text:index-entry-chapter/><text:index-entry-span>   </text:index-entry-span><text:index-entry-text/><text:index-entry-tab-stop style:type="right" style:leader-char="."/><text:index-entry-page-number/></text:table-of-content-entry-template><text:table-of-content-entry-template text:outline-level="3" text:style-name="Contents_20_3"><text:index-entry-chapter/><text:index-entry-span>   </text:index-entry-span><text:index-entry-text/><text:index-entry-tab-stop style:type="right" style:leader-char="."/><text:index-entry-page-number/></text:table-of-content-entry-template><text:table-of-content-entry-template text:outline-level="4" text:style-name="Contents_20_4"><text:index-entry-chapter/><text:index-entry-span>   </text:index-entry-span><text:index-entry-text/><text:index-entry-tab-stop style:type="right" style:leader-char="."/><text:index-entry-page-number/></text:table-of-content-entry-template><text:table-of-content-entry-template text:outline-level="5" text:style-name="Contents_20_5"><text:index-entry-chapter/><text:index-entry-text/><text:index-entry-tab-stop style:type="right" style:leader-char="."/><text:index-entry-page-number/></text:table-of-content-entry-template><text:table-of-content-entry-template text:outline-level="6" text:style-name="Contents_20_6"><text:index-entry-chapter/><text:index-entry-text/><text:index-entry-tab-stop style:type="right" style:leader-char="."/><text:index-entry-page-number/></text:table-of-content-entry-template><text:table-of-content-entry-template text:outline-level="7" text:style-name="Contents_20_7"><text:index-entry-chapter/><text:index-entry-text/><text:index-entry-tab-stop style:type="right" style:leader-char="."/><text:index-entry-page-number/></text:table-of-content-entry-template><text:table-of-content-entry-template text:outline-level="8" text:style-name="Contents_20_8"><text:index-entry-chapter/><text:index-entry-text/><text:index-entry-tab-stop style:type="right" style:leader-char="."/><text:index-entry-page-number/></text:table-of-content-entry-template><text:table-of-content-entry-template text:outline-level="9" text:style-name="Contents_20_9"><text:index-entry-chapter/><text:index-entry-text/><text:index-entry-tab-stop style:type="right" style:leader-char="."/><text:index-entry-page-number/></text:table-of-content-entry-template><text:table-of-content-entry-template text:outline-level="10" text:style-name="Contents_20_10"><text:index-entry-chapter/><text:index-entry-text/><text:index-entry-tab-stop style:type="right" style:leader-char="."/><text:index-entry-page-number/></text:table-of-content-entry-template></text:table-of-content-source><text:index-body><text:index-title text:style-name="Sect1" text:name="Inhaltsverzeichnis1_Head"><text:p text:style-name="Contents_20_Heading">Inhaltsverzeichnis</text:p></text:index-title><text:p text:style-name="P45">1 Personalien<text:tab/>3</text:p><text:p text:style-name="P45">2 Zusammenfassung Kernkompetenzen<text:tab/>3</text:p><text:p text:style-name="P45">3 Ausbildung<text:tab/>3</text:p><text:p text:style-name="P45">4 Weiterbildung (Schulungen, Kurse, Konferenzen, Referate)<text:tab/>3</text:p><text:p text:style-name="P45">5 Aktivitäten<text:tab/>3</text:p><text:p text:style-name="P45">6 Projekte<text:tab/>3</text:p></text:index-body></text:table-of-content><text:p text:style-name="P19"/><text:p text:style-name="P19"/><text:p text:style-name="P20"/><text:p text:style-name="P20"/><text:p text:style-name="P21"/><text:h text:style-name="P74" text:outline-level="1"><text:span text:style-name="T2">Personalien</text:span> </text:h><table:table table:name="tbl-profile" table:style-name="tbl-profile"><table:table-column table:style-name="tbl-profile.A"/><table:table-column table:style-name="tbl-profile.B"/><table:table-header-rows><table:table-row table:style-name="tbl-profile.1"><table:table-cell table:style-name="tbl-profile.A1" office:value-type="string"><text:p text:style-name="P10">Name</text:p></table:table-cell><table:table-cell table:style-name="tbl-profile.B1" office:value-type="string"><text:p text:style-name="P28">[NAME]</text:p></table:table-cell></table:table-row></table:table-header-rows><table:table-row table:style-name="tbl-profile.1"><table:table-cell table:style-name="tbl-profile.A2" office:value-type="string"><text:p text:style-name="P10">Titel</text:p></table:table-cell><table:table-cell table:style-name="tbl-profile.B3" office:value-type="string"><text:list xml:id="list7081027765289320325" text:style-name="L1"><text:list-header><text:p text:style-name="P68">[TITLE]</text:p></text:list-header></text:list></table:table-cell></table:table-row><table:table-row table:style-name="tbl-profile.1"><table:table-cell table:style-name="tbl-profile.A2" office:value-type="string"><text:p text:style-name="P10">Geburtsdatum</text:p></table:table-cell><table:table-cell table:style-name="tbl-profile.B3" office:value-type="string"><text:p text:style-name="P28">[BIRTHDATE]</text:p></table:table-cell></table:table-row><table:table-row table:style-name="tbl-profile.1"><table:table-cell table:style-name="tbl-profile.A2" office:value-type="string"><text:p text:style-name="P10">Nationalität</text:p></table:table-cell><table:table-cell table:style-name="tbl-profile.B4" office:value-type="string"><text:p text:style-name="P29">[ORIGIN]</text:p></table:table-cell></table:table-row><table:table-row table:style-name="tbl-profile.1"><table:table-cell table:style-name="tbl-profile.A2" office:value-type="string"><text:p text:style-name="P10">Sprachen</text:p></table:table-cell><table:table-cell table:style-name="tbl-profile.B5" office:value-type="string"><text:p text:style-name="P28">[LANGUAGE]</text:p></table:table-cell></table:table-row></table:table><text:h text:style-name="P71" text:outline-level="1">Zusammenfassung Kernkompetenzen</text:h><text:list xml:id="list2574864140373751807" text:style-name="L2"><text:list-item><text:p text:style-name="P65"><text:span text:style-name="T8">[COMPETENCES]</text:span></text:p><text:p text:style-name="P66"/></text:list-item></text:list><text:h text:style-name="P73" text:outline-level="1">Ausbildung</text:h><table:table table:name="EDUCATIONS" table:style-name="EDUCATIONS"><table:table-column table:style-name="EDUCATIONS.A"/><table:table-column table:style-name="EDUCATIONS.B"/><table:table-header-rows><table:table-row><table:table-cell table:style-name="EDUCATIONS.A1" office:value-type="string"><text:p text:style-name="P18">Jahr</text:p></table:table-cell><table:table-cell table:style-name="EDUCATIONS.B1" office:value-type="string"><text:p text:style-name="P17">A<text:span text:style-name="T3">usbildung</text:span></text:p></table:table-cell></table:table-row></table:table-header-rows><table:table-row><table:table-cell table:style-name="EDUCATIONS.A2" office:value-type="string"><text:p text:style-name="P11">[YEAR]</text:p></table:table-cell><table:table-cell table:style-name="EDUCATIONS.B2" office:value-type="string"><text:p text:style-name="P53">[EDUCATION]</text:p></table:table-cell></table:table-row></table:table><text:h text:style-name="P70" text:outline-level="1">Weiterbildung (Schulungen, Kurse, Konferenzen, Referate)</text:h><table:table table:name="ADVANCED_TRAININGS" table:style-name="ADVANCED_5f_TRAININGS"><table:table-column table:style-name="ADVANCED_5f_TRAININGS.A"/><table:table-column table:style-name="ADVANCED_5f_TRAININGS.B"/><table:table-header-rows><table:table-row table:style-name="ADVANCED_5f_TRAININGS.1"><table:table-cell table:style-name="ADVANCED_5f_TRAININGS.A1" office:value-type="string"><text:p text:style-name="P13">Jahr</text:p></table:table-cell><table:table-cell table:style-name="ADVANCED_5f_TRAININGS.B1" office:value-type="string"><text:p text:style-name="P13">Weiterbildung</text:p></table:table-cell></table:table-row></table:table-header-rows><table:table-row><table:table-cell table:style-name="ADVANCED_5f_TRAININGS.A2" office:value-type="string"><text:p text:style-name="P12">[YEAR]</text:p></table:table-cell><table:table-cell table:style-name="ADVANCED_5f_TRAININGS.B2" office:value-type="string"><text:p text:style-name="P54">[ADVANCED_TRAINING]</text:p></table:table-cell></table:table-row></table:table><text:h text:style-name="P72" text:outline-level="1">Aktivitäten</text:h><table:table table:name="ACTIVITIES" table:style-name="ACTIVITIES"><table:table-column table:style-name="ACTIVITIES.A"/><table:table-column table:style-name="ACTIVITIES.B"/><table:table-header-rows><table:table-row table:style-name="ACTIVITIES.1"><table:table-cell table:style-name="ACTIVITIES.A1" office:value-type="string"><text:p text:style-name="P13">Jahr</text:p></table:table-cell><table:table-cell table:style-name="ACTIVITIES.B1" office:value-type="string"><text:p text:style-name="P14">Aktivität</text:p></table:table-cell></table:table-row></table:table-header-rows><table:table-row table:style-name="ACTIVITIES.1"><table:table-cell table:style-name="ACTIVITIES.A2" office:value-type="string"><text:p text:style-name="P55">[YEAR]</text:p></table:table-cell><table:table-cell table:style-name="ACTIVITIES.B2" office:value-type="string"><text:p text:style-name="P57">[ACTIVITY]</text:p></table:table-cell></table:table-row></table:table><text:p text:style-name="P60"/><text:h text:style-name="P75" text:outline-level="1">Projekte</text:h><text:p text:style-name="P51"/><table:table table:name="PROJECTS" table:style-name="PROJECTS"><table:table-column table:style-name="PROJECTS.A"/><table:table-column table:style-name="PROJECTS.B"/><table:table-header-rows><table:table-row table:style-name="PROJECTS.1"><table:table-cell table:style-name="PROJECTS.A1" office:value-type="string"><text:p text:style-name="P15">Jahr</text:p></table:table-cell><table:table-cell table:style-name="PROJECTS.B1" office:value-type="string"><text:p text:style-name="P16">Tätigkeit</text:p></table:table-cell></table:table-row></table:table-header-rows><table:table-row table:style-name="PROJECTS.1"><table:table-cell table:style-name="PROJECTS.A2" office:value-type="string"><text:p text:style-name="P56">[YEAR]</text:p></table:table-cell><table:table-cell table:style-name="PROJECTS.B2" office:value-type="string"><text:p text:style-name="P59">[PROJECT_DESCRIPTION]</text:p></table:table-cell></table:table-row></table:table><text:p text:style-name="P35"/></office:text></office:body></office:document-content>