<?xml version="1.0" encoding="UTF-8"?>
<office:document-meta xmlns:office="urn:oasis:names:tc:opendocument:xmlns:office:1.0" xmlns:xlink="http://www.w3.org/1999/xlink" xmlns:dc="http://purl.org/dc/elements/1.1/" xmlns:meta="urn:oasis:names:tc:opendocument:xmlns:meta:1.0" xmlns:ooo="http://openoffice.org/2004/office" xmlns:grddl="http://www.w3.org/2003/g/data-view#" office:version="1.2"><office:meta><meta:generator>LibreOffice/5.2.2.2$Linux_X86_64 LibreOffice_project/20m0$Build-2</meta:generator><meta:creation-date>2016-05-02T15:05:33.445849133</meta:creation-date><meta:editing-cycles>98</meta:editing-cycles><meta:editing-duration>PT7H45M31S</meta:editing-duration><dc:date>2016-11-15T15:40:08.634707730</dc:date><dc:title>Curriculum Vitae - @titleFullname</dc:title><meta:document-statistic meta:table-count="14" meta:image-count="2" meta:object-count="0" meta:page-count="3" meta:paragraph-count="94" meta:word-count="201" meta:character-count="1486" meta:non-whitespace-character-count="1364"/><meta:user-defined meta:name="Info 1">Curriculum Vitae – Marc Schmid</meta:user-defined><meta:user-defined meta:name="Info 2">1.0</meta:user-defined><meta:user-defined meta:name="Info 3"/><meta:user-defined meta:name="Info 4"/></office:meta></office:document-meta>