<?xml version="1.0" encoding="UTF-8"?>
<office:document-styles xmlns:office="urn:oasis:names:tc:opendocument:xmlns:office:1.0" xmlns:style="urn:oasis:names:tc:opendocument:xmlns:style:1.0" xmlns:text="urn:oasis:names:tc:opendocument:xmlns:text:1.0" xmlns:table="urn:oasis:names:tc:opendocument:xmlns:table:1.0" xmlns:draw="urn:oasis:names:tc:opendocument:xmlns:drawing:1.0" xmlns:fo="urn:oasis:names:tc:opendocument:xmlns:xsl-fo-compatible:1.0" xmlns:xlink="http://www.w3.org/1999/xlink" xmlns:dc="http://purl.org/dc/elements/1.1/" xmlns:meta="urn:oasis:names:tc:opendocument:xmlns:meta:1.0" xmlns:number="urn:oasis:names:tc:opendocument:xmlns:datastyle:1.0" xmlns:svg="urn:oasis:names:tc:opendocument:xmlns:svg-compatible:1.0" xmlns:chart="urn:oasis:names:tc:opendocument:xmlns:chart:1.0" xmlns:dr3d="urn:oasis:names:tc:opendocument:xmlns:dr3d:1.0" xmlns:math="http://www.w3.org/1998/Math/MathML" xmlns:form="urn:oasis:names:tc:opendocument:xmlns:form:1.0" xmlns:script="urn:oasis:names:tc:opendocument:xmlns:script:1.0" xmlns:ooo="http://openoffice.org/2004/office" xmlns:ooow="http://openoffice.org/2004/writer" xmlns:oooc="http://openoffice.org/2004/calc" xmlns:dom="http://www.w3.org/2001/xml-events" xmlns:rpt="http://openoffice.org/2005/report" xmlns:of="urn:oasis:names:tc:opendocument:xmlns:of:1.2" xmlns:xhtml="http://www.w3.org/1999/xhtml" xmlns:grddl="http://www.w3.org/2003/g/data-view#" xmlns:officeooo="http://openoffice.org/2009/office" xmlns:tableooo="http://openoffice.org/2009/table" xmlns:drawooo="http://openoffice.org/2010/draw" xmlns:calcext="urn:org:documentfoundation:names:experimental:calc:xmlns:calcext:1.0" xmlns:loext="urn:org:documentfoundation:names:experimental:office:xmlns:loext:1.0" xmlns:field="urn:openoffice:names:experimental:ooo-ms-interop:xmlns:field:1.0" xmlns:css3t="http://www.w3.org/TR/css3-text/" office:version="1.2"><office:font-face-decls><style:font-face style:name="OpenSymbol" svg:font-family="OpenSymbol" style:font-charset="x-symbol"/><style:font-face style:name="StarSymbol" svg:font-family="StarSymbol" style:font-charset="x-symbol"/><style:font-face style:name="Arial" svg:font-family="Arial" style:font-family-generic="swiss"/><style:font-face style:name="Courier" svg:font-family="Courier" style:font-family-generic="modern" style:font-pitch="fixed"/><style:font-face style:name="Droid Sans Mono" svg:font-family="&apos;Droid Sans Mono&apos;" style:font-family-generic="modern" style:font-pitch="fixed"/><style:font-face style:name="Arial Unicode MS" svg:font-family="&apos;Arial Unicode MS&apos;" style:font-pitch="variable"/><style:font-face style:name="HG Mincho Light J" svg:font-family="&apos;HG Mincho Light J&apos;" style:font-pitch="variable"/><style:font-face style:name="Humnst777 BT1" svg:font-family="&apos;Humnst777 BT&apos;" style:font-pitch="variable"/><style:font-face style:name="Humnst777 BT" svg:font-family="&apos;Humnst777 BT&apos;" style:font-adornments="Regular" style:font-pitch="variable"/><style:font-face style:name="Humnst777 Lt BT1" svg:font-family="&apos;Humnst777 Lt BT&apos;" style:font-pitch="variable"/><style:font-face style:name="Roboto" svg:font-family="Roboto" style:font-pitch="variable"/><style:font-face style:name="Roboto Light1" svg:font-family="&apos;Roboto Light&apos;" style:font-pitch="variable"/><style:font-face style:name="Roboto Light" svg:font-family="&apos;Roboto Light&apos;" style:font-adornments="Light" style:font-pitch="variable"/><style:font-face style:name="Roboto Light2" svg:font-family="&apos;Roboto Light&apos;" style:font-adornments="Regular" style:font-pitch="variable"/><style:font-face style:name="Roboto Medium1" svg:font-family="&apos;Roboto Medium&apos;" style:font-pitch="variable"/><style:font-face style:name="Roboto Medium" svg:font-family="&apos;Roboto Medium&apos;" style:font-adornments="Medium" style:font-pitch="variable"/><style:font-face style:name="Roboto Slab2" svg:font-family="&apos;Roboto Slab&apos;" style:font-pitch="variable"/><style:font-face style:name="Roboto Slab1" svg:font-family="&apos;Roboto Slab&apos;" style:font-adornments="Light" style:font-pitch="variable"/><style:font-face style:name="Roboto Slab" svg:font-family="&apos;Roboto Slab&apos;" style:font-adornments="Regular" style:font-pitch="variable"/><style:font-face style:name="Liberation Serif" svg:font-family="&apos;Liberation Serif&apos;" style:font-family-generic="roman" style:font-pitch="variable"/><style:font-face style:name="Times New Roman" svg:font-family="&apos;Times New Roman&apos;" style:font-family-generic="roman" style:font-pitch="variable"/><style:font-face style:name="Univers 47 CondensedLight" svg:font-family="&apos;Univers 47 CondensedLight&apos;" style:font-family-generic="roman" style:font-pitch="variable"/><style:font-face style:name="Humnst777 Blk BT" svg:font-family="&apos;Humnst777 Blk BT&apos;" style:font-family-generic="swiss" style:font-pitch="variable"/><style:font-face style:name="Humnst777 Lt BT" svg:font-family="&apos;Humnst777 Lt BT&apos;" style:font-family-generic="swiss" style:font-pitch="variable"/><style:font-face style:name="Droid Sans Fallback" svg:font-family="&apos;Droid Sans Fallback&apos;" style:font-family-generic="system" style:font-pitch="variable"/><style:font-face style:name="FreeSans" svg:font-family="FreeSans" style:font-family-generic="system" style:font-pitch="variable"/></office:font-face-decls><office:styles><style:default-style style:family="graphic"><style:graphic-properties svg:stroke-color="#3465a4" draw:fill-color="#729fcf" fo:wrap-option="no-wrap" draw:shadow-offset-x="0.1181in" draw:shadow-offset-y="0.1181in" draw:start-line-spacing-horizontal="0.1114in" draw:start-line-spacing-vertical="0.1114in" draw:end-line-spacing-horizontal="0.1114in" draw:end-line-spacing-vertical="0.1114in" style:flow-with-text="true"/><style:paragraph-properties style:text-autospace="ideograph-alpha" style:line-break="strict" style:writing-mode="lr-tb" style:font-independent-line-spacing="false"><style:tab-stops/></style:paragraph-properties><style:text-properties style:use-window-font-color="true" style:font-name="Liberation Serif" fo:font-size="12pt" fo:language="en" fo:country="US" style:letter-kerning="true" style:font-name-asian="Droid Sans Fallback" style:font-size-asian="10.5pt" style:language-asian="zh" style:country-asian="CN" style:font-name-complex="FreeSans" style:font-size-complex="12pt" style:language-complex="hi" style:country-complex="IN"/></style:default-style><style:default-style style:family="paragraph"><style:paragraph-properties fo:hyphenation-ladder-count="no-limit" style:text-autospace="ideograph-alpha" style:punctuation-wrap="hanging" style:line-break="strict" style:tab-stop-distance="0.4925in" style:writing-mode="lr-tb"/><style:text-properties style:use-window-font-color="true" style:font-name="Liberation Serif" fo:font-size="12pt" fo:language="en" fo:country="US" style:letter-kerning="true" style:font-name-asian="Droid Sans Fallback" style:font-size-asian="10.5pt" style:language-asian="zh" style:country-asian="CN" style:font-name-complex="FreeSans" style:font-size-complex="12pt" style:language-complex="hi" style:country-complex="IN" fo:hyphenate="false" fo:hyphenation-remain-char-count="2" fo:hyphenation-push-char-count="2"/></style:default-style><style:default-style style:family="table"><style:table-properties table:border-model="collapsing"/></style:default-style><style:default-style style:family="table-row"><style:table-row-properties fo:keep-together="auto"/></style:default-style><style:style style:name="Standard" style:family="paragraph" style:class="text"><style:paragraph-properties fo:margin-top="0in" fo:margin-bottom="0.0193in" loext:contextual-spacing="false" fo:orphans="2" fo:widows="2"/><style:text-properties style:use-window-font-color="true" style:font-name="Roboto Light" fo:font-family="&apos;Roboto Light&apos;" style:font-style-name="Light" style:font-pitch="variable" fo:font-size="10pt" fo:language="de" fo:country="CH" fo:font-weight="250" style:font-name-asian="Times New Roman" style:font-family-asian="&apos;Times New Roman&apos;" style:font-family-generic-asian="roman" style:font-pitch-asian="variable" style:font-size-asian="10pt"/></style:style><style:style style:name="Text_20_body" style:display-name="Text body" style:family="paragraph" style:parent-style-name="Standard" style:class="text"><style:paragraph-properties fo:margin-top="0in" fo:margin-bottom="0.0835in" loext:contextual-spacing="false"/></style:style><style:style style:name="First_20_line_20_indent" style:display-name="First line indent" style:family="paragraph" style:parent-style-name="Text_20_body" style:class="text"><style:paragraph-properties fo:margin-left="0in" fo:margin-right="0in" fo:margin-top="0in" fo:margin-bottom="0in" loext:contextual-spacing="false" fo:text-indent="0.1965in" style:auto-text-indent="false"/></style:style><style:style style:name="Hanging_20_indent" style:display-name="Hanging indent" style:family="paragraph" style:parent-style-name="Text_20_body" style:class="text"><style:paragraph-properties fo:margin-left="0.3937in" fo:margin-right="0in" fo:margin-top="0in" fo:margin-bottom="0in" loext:contextual-spacing="false" fo:text-indent="-0.1965in" style:auto-text-indent="false"><style:tab-stops><style:tab-stop style:position="0in"/></style:tab-stops></style:paragraph-properties></style:style><style:style style:name="Signature" style:family="paragraph" style:parent-style-name="Standard" style:class="text"><style:paragraph-properties text:number-lines="false" text:line-number="0"/></style:style><style:style style:name="Heading" style:family="paragraph" style:parent-style-name="Standard" style:next-style-name="Text_20_body" style:class="text"><style:paragraph-properties fo:margin-top="0.1965in" fo:margin-bottom="0.1965in" loext:contextual-spacing="false" fo:keep-with-next="always"/><style:text-properties style:font-name="Roboto Light" fo:font-family="&apos;Roboto Light&apos;" style:font-style-name="Light" style:font-pitch="variable" fo:font-size="14pt" style:font-name-asian="HG Mincho Light J" style:font-family-asian="&apos;HG Mincho Light J&apos;" style:font-pitch-asian="variable" style:font-size-asian="14pt" style:font-name-complex="Arial Unicode MS" style:font-family-complex="&apos;Arial Unicode MS&apos;" style:font-pitch-complex="variable" style:font-size-complex="14pt"/></style:style><style:style style:name="Heading_20_1" style:display-name="Heading 1" style:family="paragraph" style:parent-style-name="Standard" style:next-style-name="Standard" style:default-outline-level="1" style:class="text"><style:paragraph-properties fo:margin-left="-0.5929in" fo:margin-right="0in" fo:margin-top="0.1965in" fo:margin-bottom="0.0783in" loext:contextual-spacing="false" fo:text-indent="0.5929in" style:auto-text-indent="false" fo:padding="0.0193in" fo:border-left="none" fo:border-right="none" fo:border-top="none" fo:border-bottom="0.99pt solid #999999" fo:keep-with-next="always"><style:tab-stops/></style:paragraph-properties><style:text-properties style:font-name="Roboto Light" fo:font-family="&apos;Roboto Light&apos;" style:font-style-name="Light" style:font-pitch="variable" style:letter-kerning="true"/></style:style><style:style style:name="Heading_20_2" style:display-name="Heading 2" style:family="paragraph" style:parent-style-name="Standard" style:next-style-name="Standard" style:default-outline-level="2" style:class="text"><style:paragraph-properties fo:margin-left="-0.5929in" fo:margin-right="0in" fo:margin-top="0.1965in" fo:margin-bottom="0.0783in" loext:contextual-spacing="false" fo:text-indent="0.5929in" style:auto-text-indent="false" fo:padding="0in" fo:border="none" fo:keep-with-next="always"/></style:style><style:style style:name="Heading_20_3" style:display-name="Heading 3" style:family="paragraph" style:parent-style-name="Standard" style:next-style-name="Standard" style:default-outline-level="3" style:class="text"><style:paragraph-properties fo:margin-left="-0.5929in" fo:margin-right="0in" fo:margin-top="0.1965in" fo:margin-bottom="0.0783in" loext:contextual-spacing="false" fo:text-indent="0.5929in" style:auto-text-indent="false" fo:keep-with-next="always"/></style:style><style:style style:name="Heading_20_4" style:display-name="Heading 4" style:family="paragraph" style:parent-style-name="Standard" style:next-style-name="Standard" style:default-outline-level="4" style:class="text"><style:paragraph-properties fo:margin-left="-0.5929in" fo:margin-right="0in" fo:margin-top="0.1181in" fo:margin-bottom="0.0398in" loext:contextual-spacing="false" fo:text-indent="0.5929in" style:auto-text-indent="false" fo:keep-with-next="always"/></style:style><style:style style:name="Heading_20_5" style:display-name="Heading 5" style:family="paragraph" style:parent-style-name="Standard" style:next-style-name="Standard" style:class="text"><style:paragraph-properties fo:margin-left="0.7008in" fo:margin-right="0in" fo:margin-top="0.0398in" fo:margin-bottom="0.0398in" loext:contextual-spacing="false" fo:text-indent="0.211in" style:auto-text-indent="false"><style:tab-stops/></style:paragraph-properties></style:style><style:style style:name="Heading_20_6" style:display-name="Heading 6" style:family="paragraph" style:parent-style-name="Standard" style:next-style-name="Standard" style:class="text"><style:paragraph-properties fo:margin-left="0.7992in" fo:margin-right="0in" fo:margin-top="0.0417in" fo:margin-bottom="0.0417in" loext:contextual-spacing="false" fo:text-indent="-0.7992in" style:auto-text-indent="false"/><style:text-properties fo:font-style="italic" style:font-style-asian="italic"/></style:style><style:style style:name="Heading_20_7" style:display-name="Heading 7" style:family="paragraph" style:parent-style-name="Standard" style:next-style-name="Standard" style:class="text"><style:paragraph-properties fo:margin-left="0.9016in" fo:margin-right="0in" fo:margin-top="0.0417in" fo:margin-bottom="0.0417in" loext:contextual-spacing="false" fo:text-indent="-0.9016in" style:auto-text-indent="false"/><style:text-properties fo:font-style="italic" style:font-style-asian="italic"/></style:style><style:style style:name="Heading_20_8" style:display-name="Heading 8" style:family="paragraph" style:parent-style-name="Standard" style:next-style-name="Standard" style:class="text"><style:paragraph-properties fo:margin-top="0.0417in" fo:margin-bottom="0.0417in" loext:contextual-spacing="false"/><style:text-properties fo:font-style="italic" style:font-style-asian="italic"/></style:style><style:style style:name="Heading_20_9" style:display-name="Heading 9" style:family="paragraph" style:parent-style-name="Standard" style:next-style-name="Standard" style:class="text"><style:paragraph-properties fo:margin-left="1.0984in" fo:margin-right="0in" fo:margin-top="0.0417in" fo:margin-bottom="0.0417in" loext:contextual-spacing="false" fo:text-indent="-1.0984in" style:auto-text-indent="false"/><style:text-properties fo:font-style="italic" style:font-style-asian="italic"/></style:style><style:style style:name="List" style:family="paragraph" style:parent-style-name="Text_20_body" style:class="list"/><style:style style:name="Header" style:family="paragraph" style:parent-style-name="Standard" style:class="extra"><style:paragraph-properties><style:tab-stops><style:tab-stop style:position="3.2661in" style:type="center"/><style:tab-stop style:position="6.5319in" style:type="right"/></style:tab-stops></style:paragraph-properties><style:text-properties fo:font-size="8pt" style:font-size-asian="8pt"/></style:style><style:style style:name="Footer" style:family="paragraph" style:parent-style-name="Standard" style:class="extra"><style:paragraph-properties><style:tab-stops><style:tab-stop style:position="3.2661in" style:type="center"/><style:tab-stop style:position="6.5319in" style:type="right"/></style:tab-stops></style:paragraph-properties><style:text-properties fo:font-size="8pt" style:font-size-asian="8pt"/></style:style><style:style style:name="Table_20_Contents" style:display-name="Table Contents" style:family="paragraph" style:parent-style-name="Text_20_body" style:class="extra"><style:paragraph-properties text:number-lines="false" text:line-number="0"/></style:style><style:style style:name="Table_20_Heading" style:display-name="Table Heading" style:family="paragraph" style:parent-style-name="Table_20_Contents" style:class="extra"><loext:graphic-properties draw:fill="none" draw:fill-color="#729fcf"/><style:paragraph-properties fo:text-align="start" style:justify-single-word="false" fo:background-color="transparent" text:number-lines="false" text:line-number="0"/><style:text-properties style:font-name="Humnst777 BT" fo:font-family="&apos;Humnst777 BT&apos;" style:font-style-name="Regular" style:font-pitch="variable" fo:font-style="normal" fo:font-weight="normal" style:font-style-asian="italic" style:font-weight-asian="bold" style:font-style-complex="italic" style:font-weight-complex="bold"/></style:style><style:style style:name="Caption" style:family="paragraph" style:parent-style-name="Standard" style:class="extra"><style:paragraph-properties fo:margin-top="0.0835in" fo:margin-bottom="0.0835in" loext:contextual-spacing="false" text:number-lines="false" text:line-number="0"/><style:text-properties fo:font-size="10pt" fo:font-style="italic" style:font-size-asian="10pt" style:font-style-asian="italic" style:font-size-complex="10pt" style:font-style-complex="italic"/></style:style><style:style style:name="Table" style:family="paragraph" style:parent-style-name="Caption" style:class="extra"/><style:style style:name="Text" style:family="paragraph" style:parent-style-name="Caption" style:class="extra"/><style:style style:name="Frame_20_contents" style:display-name="Frame contents" style:family="paragraph" style:parent-style-name="Text_20_body" style:class="extra"/><style:style style:name="Index" style:family="paragraph" style:parent-style-name="Standard" style:class="index"><style:paragraph-properties text:number-lines="false" text:line-number="0"/></style:style><style:style style:name="Index_20_Heading" style:display-name="Index Heading" style:family="paragraph" style:parent-style-name="Heading" style:class="index"><style:paragraph-properties fo:margin-left="0in" fo:margin-right="0in" fo:margin-top="0in" fo:margin-bottom="0in" loext:contextual-spacing="false" fo:text-indent="0in" style:auto-text-indent="false" text:number-lines="false" text:line-number="0"/><style:text-properties fo:font-size="16pt" fo:font-weight="bold" style:font-size-asian="16pt" style:font-weight-asian="bold" style:font-size-complex="16pt" style:font-weight-complex="bold"/></style:style><style:style style:name="Contents_20_Heading" style:display-name="Contents Heading" style:family="paragraph" style:parent-style-name="Heading" style:class="index"><style:paragraph-properties fo:margin-left="0in" fo:margin-right="0in" fo:margin-top="0in" fo:margin-bottom="0in" loext:contextual-spacing="false" fo:text-indent="0in" style:auto-text-indent="false" text:number-lines="false" text:line-number="0"><style:tab-stops/></style:paragraph-properties><style:text-properties style:font-name="Roboto Slab" fo:font-family="&apos;Roboto Slab&apos;" style:font-style-name="Regular" style:font-pitch="variable" fo:font-size="14pt" fo:font-weight="normal" style:font-size-asian="16pt" style:font-weight-asian="bold" style:font-size-complex="16pt" style:font-weight-complex="bold"/></style:style><style:style style:name="Contents_20_1" style:display-name="Contents 1" style:family="paragraph" style:parent-style-name="Standard" style:next-style-name="Standard" style:class="index" style:master-page-name=""><loext:graphic-properties draw:fill="none" draw:fill-color="#729fcf"/><style:paragraph-properties fo:margin-left="0.1799in" fo:margin-right="0in" fo:margin-top="0.1181in" fo:margin-bottom="0.0591in" loext:contextual-spacing="false" fo:text-indent="-0.2in" style:auto-text-indent="false" style:page-number="auto" fo:background-color="transparent" style:shadow="none"><style:tab-stops><style:tab-stop style:position="6.3492in" style:type="right" style:leader-style="dotted" style:leader-text="."/></style:tab-stops></style:paragraph-properties><style:text-properties style:use-window-font-color="true" style:font-name="Roboto Light" fo:font-family="&apos;Roboto Light&apos;" style:font-style-name="Light" style:font-pitch="variable" fo:font-weight="250" style:letter-kerning="false"/></style:style><style:style style:name="Contents_20_2" style:display-name="Contents 2" style:family="paragraph" style:parent-style-name="Standard" style:next-style-name="Standard" style:class="index"><style:paragraph-properties fo:margin-left="0.3173in" fo:margin-right="0in" fo:margin-top="0in" fo:margin-bottom="0in" loext:contextual-spacing="false" fo:text-indent="-0.3252in" style:auto-text-indent="false"><style:tab-stops/></style:paragraph-properties><style:text-properties fo:color="#000000"/></style:style><style:style style:name="Contents_20_3" style:display-name="Contents 3" style:family="paragraph" style:parent-style-name="Standard" style:next-style-name="Standard" style:class="index"><style:paragraph-properties fo:margin-left="0.4236in" fo:margin-right="0in" fo:margin-top="0in" fo:margin-bottom="0in" loext:contextual-spacing="false" fo:text-indent="-0.4307in" style:auto-text-indent="false"><style:tab-stops/></style:paragraph-properties><style:text-properties fo:color="#000000"/></style:style><style:style style:name="Contents_20_4" style:display-name="Contents 4" style:family="paragraph" style:parent-style-name="Standard" style:next-style-name="Standard" style:class="index"><style:paragraph-properties fo:margin-left="0.5366in" fo:margin-right="0in" fo:margin-top="0in" fo:margin-bottom="0in" loext:contextual-spacing="false" fo:text-indent="-0.5445in" style:auto-text-indent="false"><style:tab-stops/></style:paragraph-properties><style:text-properties fo:color="#000000"/></style:style><style:style style:name="Contents_20_5" style:display-name="Contents 5" style:family="paragraph" style:parent-style-name="Standard" style:next-style-name="Standard" style:class="index"><style:paragraph-properties fo:margin-left="0.5555in" fo:margin-right="0in" fo:margin-top="0in" fo:margin-bottom="0in" loext:contextual-spacing="false" fo:text-indent="0.0008in" style:auto-text-indent="false"/><style:text-properties fo:color="#000000"/></style:style><style:style style:name="Title" style:family="paragraph" style:parent-style-name="Heading_20_1" style:next-style-name="Subtitle" style:default-outline-level="" style:list-style-name="" style:class="chapter"><style:paragraph-properties fo:margin-left="0in" fo:margin-right="0in" fo:margin-top="0.0417in" fo:margin-bottom="0.0417in" loext:contextual-spacing="false" fo:text-indent="0in" style:auto-text-indent="false"/></style:style><style:style style:name="Subtitle" style:family="paragraph" style:parent-style-name="Heading" style:next-style-name="Text_20_body" style:class="chapter"><style:paragraph-properties fo:text-align="center" style:justify-single-word="false"/><style:text-properties fo:font-size="14pt" fo:font-style="italic" style:font-size-asian="14pt" style:font-style-asian="italic" style:font-size-complex="14pt" style:font-style-complex="italic"/></style:style><style:style style:name="Horizontal_20_Line" style:display-name="Horizontal Line" style:family="paragraph" style:parent-style-name="Standard" style:next-style-name="Text_20_body" style:class="html"><style:paragraph-properties fo:margin-top="0in" fo:margin-bottom="0.1965in" loext:contextual-spacing="false" style:border-line-width-bottom="0.0008in 0.0138in 0.0008in" fo:padding="0in" fo:border-left="none" fo:border-right="none" fo:border-top="none" fo:border-bottom="1.11pt double #808080" text:number-lines="false" text:line-number="0" style:join-border="false"/><style:text-properties fo:font-size="6pt" style:font-size-asian="6pt" style:font-size-complex="6pt"/></style:style><style:style style:name="Code" style:family="paragraph" style:parent-style-name="Standard"><style:text-properties style:font-name="Courier" fo:font-family="Courier" style:font-family-generic="modern" style:font-pitch="fixed" fo:font-size="10pt"/></style:style><style:style style:name="Small" style:family="paragraph" style:parent-style-name="Standard"><style:paragraph-properties fo:margin-left="0.0083in" fo:margin-right="-0.002in" fo:margin-top="0in" fo:margin-bottom="0in" loext:contextual-spacing="false" fo:text-indent="0in" style:auto-text-indent="false"><style:tab-stops><style:tab-stop style:position="3.2591in" style:type="center"/><style:tab-stop style:position="6.0492in" style:type="right"/></style:tab-stops></style:paragraph-properties><style:text-properties fo:font-size="8pt" style:font-size-asian="8pt"/></style:style><style:style style:name="Preformatted_20_Text" style:display-name="Preformatted Text" style:family="paragraph" style:parent-style-name="Standard" style:class="html"><style:paragraph-properties fo:margin-top="0in" fo:margin-bottom="0in" loext:contextual-spacing="false"/><style:text-properties style:font-name="Droid Sans Mono" fo:font-family="&apos;Droid Sans Mono&apos;" style:font-family-generic="modern" style:font-pitch="fixed" fo:font-size="10pt" style:font-name-asian="Droid Sans Mono" style:font-family-asian="&apos;Droid Sans Mono&apos;" style:font-family-generic-asian="modern" style:font-pitch-asian="fixed" style:font-size-asian="10pt" style:font-name-complex="Droid Sans Mono" style:font-family-complex="&apos;Droid Sans Mono&apos;" style:font-family-generic-complex="modern" style:font-pitch-complex="fixed" style:font-size-complex="10pt"/></style:style><style:style style:name="Textkoerper" style:family="paragraph" style:parent-style-name="Standard" style:default-outline-level=""><style:paragraph-properties fo:margin-top="0in" fo:margin-bottom="0in" loext:contextual-spacing="false" fo:line-height="100%"/><style:text-properties style:font-name="Univers 47 CondensedLight" fo:font-family="&apos;Univers 47 CondensedLight&apos;" style:font-family-generic="roman" style:font-pitch="variable" fo:font-size="10pt" style:font-size-asian="10pt" style:font-size-complex="12pt"/></style:style><style:style style:name="Quotations" style:family="paragraph" style:parent-style-name="Standard" style:class="html"><style:paragraph-properties fo:margin-left="0.3937in" fo:margin-right="0.3937in" fo:margin-top="0in" fo:margin-bottom="0.1965in" loext:contextual-spacing="false" fo:text-indent="0in" style:auto-text-indent="false"/></style:style><style:style style:name="Table_20_index_20_1" style:display-name="Table index 1" style:family="paragraph" style:parent-style-name="Index" style:class="index"><style:paragraph-properties fo:margin-left="0in" fo:margin-right="0in" fo:margin-top="0in" fo:margin-bottom="0in" loext:contextual-spacing="false" fo:text-indent="0in" style:auto-text-indent="false"><style:tab-stops><style:tab-stop style:position="6.048in" style:type="right" style:leader-style="dotted" style:leader-text="."/></style:tab-stops></style:paragraph-properties></style:style><style:style style:name="Light" style:family="paragraph" style:parent-style-name="Standard"/><style:style style:name="List_20_Contents" style:display-name="List Contents" style:family="paragraph" style:parent-style-name="Standard" style:class="html"/><style:style style:name="Footnote_20_Symbol" style:display-name="Footnote Symbol" style:family="text"/><style:style style:name="Page_20_Number" style:display-name="Page Number" style:family="text" style:parent-style-name="WW-Default_20_Paragraph_20_Font"><style:text-properties style:font-name="Humnst777 Lt BT" fo:font-family="&apos;Humnst777 Lt BT&apos;" style:font-family-generic="swiss" style:font-pitch="variable" fo:font-size="10pt" style:font-size-asian="10pt"/></style:style><style:style style:name="Numbering_20_Symbols" style:display-name="Numbering Symbols" style:family="text"/><style:style style:name="Bullet_20_Symbols" style:display-name="Bullet Symbols" style:family="text"><style:text-properties style:font-name="StarSymbol" fo:font-family="StarSymbol" style:font-charset="x-symbol" fo:font-size="9pt" style:font-name-asian="StarSymbol" style:font-family-asian="StarSymbol" style:font-charset-asian="x-symbol" style:font-size-asian="9pt" style:font-name-complex="StarSymbol" style:font-family-complex="StarSymbol" style:font-charset-complex="x-symbol" style:font-size-complex="9pt"/></style:style><style:style style:name="Internet_20_link" style:display-name="Internet link" style:family="text" style:parent-style-name="WW-Default_20_Paragraph_20_Font"><style:text-properties fo:color="#0000ff" style:font-name="Humnst777 Lt BT" fo:font-family="&apos;Humnst777 Lt BT&apos;" style:font-family-generic="swiss" style:font-pitch="variable" fo:font-size="10pt" style:text-underline-style="solid" style:text-underline-width="auto" style:text-underline-color="font-color" style:font-size-asian="10pt"/></style:style><style:style style:name="Visited_20_Internet_20_Link" style:display-name="Visited Internet Link" style:family="text" style:parent-style-name="WW-Default_20_Paragraph_20_Font"><style:text-properties fo:color="#800080" style:text-underline-style="solid" style:text-underline-width="auto" style:text-underline-color="font-color"/></style:style><style:style style:name="Endnote_20_Symbol" style:display-name="Endnote Symbol" style:family="text"/><style:style style:name="WW-Default_20_Paragraph_20_Font" style:display-name="WW-Default Paragraph Font" style:family="text"/><style:style style:name="Code" style:family="text"><style:text-properties style:use-window-font-color="true" style:font-name="Courier" fo:font-family="Courier" style:font-family-generic="modern" style:font-pitch="fixed" fo:font-size="10pt" fo:language="de" fo:country="CH" style:font-name-asian="Times New Roman" style:font-family-asian="&apos;Times New Roman&apos;" style:font-family-generic-asian="roman" style:font-pitch-asian="variable" style:font-size-asian="10pt"/></style:style><style:style style:name="Bold" style:family="text"><style:text-properties style:use-window-font-color="true" style:font-name="Humnst777 BT1" fo:font-family="&apos;Humnst777 BT&apos;" style:font-pitch="variable" fo:font-size="10pt" fo:language="de" fo:country="CH" style:font-name-asian="Times New Roman" style:font-family-asian="&apos;Times New Roman&apos;" style:font-family-generic-asian="roman" style:font-pitch-asian="variable" style:font-size-asian="10pt"/></style:style><style:style style:name="smallrealfat" style:family="text"><style:text-properties style:use-window-font-color="true" style:font-name="Humnst777 Blk BT" fo:font-family="&apos;Humnst777 Blk BT&apos;" style:font-family-generic="swiss" style:font-pitch="variable" fo:font-size="8pt" fo:language="de" fo:country="CH" style:font-name-asian="Times New Roman" style:font-family-asian="&apos;Times New Roman&apos;" style:font-family-generic-asian="roman" style:font-pitch-asian="variable" style:font-size-asian="8pt"/></style:style><style:style style:name="Frame" style:family="graphic"><style:graphic-properties text:anchor-type="paragraph" svg:x="0in" svg:y="0in" style:wrap="parallel" style:number-wrapped-paragraphs="no-limit" style:wrap-contour="false" style:vertical-pos="top" style:vertical-rel="paragraph-content" style:horizontal-pos="center" style:horizontal-rel="paragraph-content"/></style:style><style:style style:name="Graphics" style:family="graphic"><style:graphic-properties text:anchor-type="paragraph" svg:x="0in" svg:y="0in" style:wrap="none" style:vertical-pos="top" style:vertical-rel="paragraph" style:horizontal-pos="center" style:horizontal-rel="paragraph"/></style:style><style:style style:name="OLE" style:family="graphic"><style:graphic-properties text:anchor-type="paragraph" svg:x="0in" svg:y="0in" style:wrap="none" style:vertical-pos="top" style:vertical-rel="paragraph" style:horizontal-pos="center" style:horizontal-rel="paragraph"/></style:style><text:outline-style style:name="Outline"><text:outline-level-style text:level="1" style:num-format="1"><style:list-level-properties text:min-label-width="0.5902in" text:min-label-distance="0.0783in"/></text:outline-level-style><text:outline-level-style text:level="2" style:num-format="1" text:display-levels="2"><style:list-level-properties text:min-label-width="0.5902in" text:min-label-distance="0.0783in"/></text:outline-level-style><text:outline-level-style text:level="3" style:num-format="1" text:display-levels="3"><style:list-level-properties text:min-label-width="0.5902in" text:min-label-distance="0.0783in"/></text:outline-level-style><text:outline-level-style text:level="4" style:num-format="1" text:display-levels="4"><style:list-level-properties text:min-label-width="0.5902in" text:min-label-distance="0.0783in"/></text:outline-level-style><text:outline-level-style text:level="5" style:num-format="1" text:display-levels="5"><style:list-level-properties text:min-label-width="0.5902in" text:min-label-distance="0.0783in"/></text:outline-level-style><text:outline-level-style text:level="6" style:num-format=""><style:list-level-properties/></text:outline-level-style><text:outline-level-style text:level="7" style:num-format=""><style:list-level-properties/></text:outline-level-style><text:outline-level-style text:level="8" style:num-format=""><style:list-level-properties/></text:outline-level-style><text:outline-level-style text:level="9" style:num-format=""><style:list-level-properties/></text:outline-level-style><text:outline-level-style text:level="10" style:num-format=""><style:list-level-properties/></text:outline-level-style></text:outline-style><text:list-style style:name="List_20_1" style:display-name="List 1"><text:list-level-style-bullet text:level="1" text:style-name="Numbering_20_Symbols" text:bullet-char="•"><style:list-level-properties text:min-label-width="0.1575in"/><style:text-properties style:font-name="StarSymbol"/></text:list-level-style-bullet><text:list-level-style-bullet text:level="2" text:style-name="Numbering_20_Symbols" text:bullet-char="•"><style:list-level-properties text:space-before="0.1579in" text:min-label-width="0.1575in"/><style:text-properties style:font-name="StarSymbol"/></text:list-level-style-bullet><text:list-level-style-bullet text:level="3" text:style-name="Numbering_20_Symbols" text:bullet-char="•"><style:list-level-properties text:space-before="0.3146in" text:min-label-width="0.1575in"/><style:text-properties style:font-name="StarSymbol"/></text:list-level-style-bullet><text:list-level-style-bullet text:level="4" text:style-name="Numbering_20_Symbols" text:bullet-char="•"><style:list-level-properties text:space-before="0.4724in" text:min-label-width="0.1575in"/><style:text-properties style:font-name="StarSymbol"/></text:list-level-style-bullet><text:list-level-style-bullet text:level="5" text:style-name="Numbering_20_Symbols" text:bullet-char="•"><style:list-level-properties text:space-before="0.6299in" text:min-label-width="0.1575in"/><style:text-properties style:font-name="StarSymbol"/></text:list-level-style-bullet><text:list-level-style-bullet text:level="6" text:style-name="Numbering_20_Symbols" text:bullet-char="•"><style:list-level-properties text:space-before="0.7878in" text:min-label-width="0.1575in"/><style:text-properties style:font-name="StarSymbol"/></text:list-level-style-bullet><text:list-level-style-bullet text:level="7" text:style-name="Numbering_20_Symbols" text:bullet-char="•"><style:list-level-properties text:space-before="0.9445in" text:min-label-width="0.1575in"/><style:text-properties style:font-name="StarSymbol"/></text:list-level-style-bullet><text:list-level-style-bullet text:level="8" text:style-name="Numbering_20_Symbols" text:bullet-char="•"><style:list-level-properties text:space-before="1.1024in" text:min-label-width="0.1575in"/><style:text-properties style:font-name="StarSymbol"/></text:list-level-style-bullet><text:list-level-style-bullet text:level="9" text:style-name="Numbering_20_Symbols" text:bullet-char="•"><style:list-level-properties text:space-before="1.2598in" text:min-label-width="0.1575in"/><style:text-properties style:font-name="StarSymbol"/></text:list-level-style-bullet><text:list-level-style-bullet text:level="10" text:style-name="Numbering_20_Symbols" text:bullet-char="•"><style:list-level-properties text:space-before="1.4177in" text:min-label-width="0.1575in"/><style:text-properties style:font-name="StarSymbol"/></text:list-level-style-bullet></text:list-style><text:list-style style:name="List_20_2" style:display-name="List 2"><text:list-level-style-bullet text:level="1" text:style-name="Numbering_20_Symbols" text:bullet-char="–"><style:list-level-properties text:min-label-width="0.1181in"/><style:text-properties style:font-name="StarSymbol"/></text:list-level-style-bullet><text:list-level-style-bullet text:level="2" text:style-name="Numbering_20_Symbols" text:bullet-char="–"><style:list-level-properties text:space-before="0.1181in" text:min-label-width="0.1181in"/><style:text-properties style:font-name="StarSymbol"/></text:list-level-style-bullet><text:list-level-style-bullet text:level="3" text:style-name="Numbering_20_Symbols" text:bullet-char="–"><style:list-level-properties text:space-before="0.2362in" text:min-label-width="0.1181in"/><style:text-properties style:font-name="StarSymbol"/></text:list-level-style-bullet><text:list-level-style-bullet text:level="4" text:style-name="Numbering_20_Symbols" text:bullet-char="–"><style:list-level-properties text:space-before="0.3539in" text:min-label-width="0.1181in"/><style:text-properties style:font-name="StarSymbol"/></text:list-level-style-bullet><text:list-level-style-bullet text:level="5" text:style-name="Numbering_20_Symbols" text:bullet-char="–"><style:list-level-properties text:space-before="0.472in" text:min-label-width="0.1181in"/><style:text-properties style:font-name="StarSymbol"/></text:list-level-style-bullet><text:list-level-style-bullet text:level="6" text:style-name="Numbering_20_Symbols" text:bullet-char="–"><style:list-level-properties text:space-before="0.5902in" text:min-label-width="0.1181in"/><style:text-properties style:font-name="StarSymbol"/></text:list-level-style-bullet><text:list-level-style-bullet text:level="7" text:style-name="Numbering_20_Symbols" text:bullet-char="–"><style:list-level-properties text:space-before="0.7091in" text:min-label-width="0.1181in"/><style:text-properties style:font-name="StarSymbol"/></text:list-level-style-bullet><text:list-level-style-bullet text:level="8" text:style-name="Numbering_20_Symbols" text:bullet-char="–"><style:list-level-properties text:space-before="0.8272in" text:min-label-width="0.1181in"/><style:text-properties style:font-name="StarSymbol"/></text:list-level-style-bullet><text:list-level-style-bullet text:level="9" text:style-name="Numbering_20_Symbols" text:bullet-char="–"><style:list-level-properties text:space-before="0.9453in" text:min-label-width="0.1181in"/><style:text-properties style:font-name="StarSymbol"/></text:list-level-style-bullet><text:list-level-style-bullet text:level="10" text:style-name="Numbering_20_Symbols" text:bullet-char="–"><style:list-level-properties text:space-before="1.063in" text:min-label-width="0.1181in"/><style:text-properties style:font-name="StarSymbol"/></text:list-level-style-bullet></text:list-style><text:list-style style:name="List_20_3" style:display-name="List 3"><text:list-level-style-bullet text:level="1" text:style-name="Numbering_20_Symbols" text:bullet-char="☑"><style:list-level-properties text:min-label-width="0.1555in"/><style:text-properties style:font-name="StarSymbol"/></text:list-level-style-bullet><text:list-level-style-bullet text:level="2" text:style-name="Numbering_20_Symbols" text:bullet-char="□"><style:list-level-properties text:space-before="0.1555in" text:min-label-width="0.1555in"/><style:text-properties style:font-name="StarSymbol"/></text:list-level-style-bullet><text:list-level-style-bullet text:level="3" text:style-name="Numbering_20_Symbols" text:bullet-char="☑"><style:list-level-properties text:min-label-width="0.1555in"/><style:text-properties style:font-name="StarSymbol"/></text:list-level-style-bullet><text:list-level-style-bullet text:level="4" text:style-name="Numbering_20_Symbols" text:bullet-char="□"><style:list-level-properties text:space-before="0.1555in" text:min-label-width="0.1555in"/><style:text-properties style:font-name="StarSymbol"/></text:list-level-style-bullet><text:list-level-style-bullet text:level="5" text:style-name="Numbering_20_Symbols" text:bullet-char="☑"><style:list-level-properties text:min-label-width="0.1555in"/><style:text-properties style:font-name="StarSymbol"/></text:list-level-style-bullet><text:list-level-style-bullet text:level="6" text:style-name="Numbering_20_Symbols" text:bullet-char="□"><style:list-level-properties text:space-before="0.1555in" text:min-label-width="0.1555in"/><style:text-properties style:font-name="StarSymbol"/></text:list-level-style-bullet><text:list-level-style-bullet text:level="7" text:style-name="Numbering_20_Symbols" text:bullet-char="☑"><style:list-level-properties text:min-label-width="0.1555in"/><style:text-properties style:font-name="StarSymbol"/></text:list-level-style-bullet><text:list-level-style-bullet text:level="8" text:style-name="Numbering_20_Symbols" text:bullet-char="□"><style:list-level-properties text:space-before="0.1555in" text:min-label-width="0.1555in"/><style:text-properties style:font-name="StarSymbol"/></text:list-level-style-bullet><text:list-level-style-bullet text:level="9" text:style-name="Numbering_20_Symbols" text:bullet-char="☑"><style:list-level-properties text:min-label-width="0.1555in"/><style:text-properties style:font-name="StarSymbol"/></text:list-level-style-bullet><text:list-level-style-bullet text:level="10" text:style-name="Numbering_20_Symbols" text:bullet-char="□"><style:list-level-properties text:space-before="0.1555in" text:min-label-width="0.1555in"/><style:text-properties style:font-name="StarSymbol"/></text:list-level-style-bullet></text:list-style><text:list-style style:name="List_20_4" style:display-name="List 4"><text:list-level-style-bullet text:level="1" text:style-name="Numbering_20_Symbols" text:bullet-char="➢"><style:list-level-properties text:min-label-width="0.1575in"/><style:text-properties style:font-name="StarSymbol"/></text:list-level-style-bullet><text:list-level-style-bullet text:level="2" text:style-name="Numbering_20_Symbols" text:bullet-char=""><style:list-level-properties text:space-before="0.1579in" text:min-label-width="0.1575in"/><style:text-properties style:font-name="StarSymbol"/></text:list-level-style-bullet><text:list-level-style-bullet text:level="3" text:style-name="Numbering_20_Symbols" text:bullet-char=""><style:list-level-properties text:space-before="0.3146in" text:min-label-width="0.1575in"/><style:text-properties style:font-name="StarSymbol"/></text:list-level-style-bullet><text:list-level-style-bullet text:level="4" text:style-name="Numbering_20_Symbols" text:bullet-char=""><style:list-level-properties text:space-before="0.4724in" text:min-label-width="0.1575in"/><style:text-properties style:font-name="StarSymbol"/></text:list-level-style-bullet><text:list-level-style-bullet text:level="5" text:style-name="Numbering_20_Symbols" text:bullet-char=""><style:list-level-properties text:space-before="0.6299in" text:min-label-width="0.1575in"/><style:text-properties style:font-name="StarSymbol"/></text:list-level-style-bullet><text:list-level-style-bullet text:level="6" text:style-name="Numbering_20_Symbols" text:bullet-char=""><style:list-level-properties text:space-before="0.7878in" text:min-label-width="0.1575in"/><style:text-properties style:font-name="StarSymbol"/></text:list-level-style-bullet><text:list-level-style-bullet text:level="7" text:style-name="Numbering_20_Symbols" text:bullet-char=""><style:list-level-properties text:space-before="0.9445in" text:min-label-width="0.1575in"/><style:text-properties style:font-name="StarSymbol"/></text:list-level-style-bullet><text:list-level-style-bullet text:level="8" text:style-name="Numbering_20_Symbols" text:bullet-char=""><style:list-level-properties text:space-before="1.1024in" text:min-label-width="0.1575in"/><style:text-properties style:font-name="StarSymbol"/></text:list-level-style-bullet><text:list-level-style-bullet text:level="9" text:style-name="Numbering_20_Symbols" text:bullet-char=""><style:list-level-properties text:space-before="1.2598in" text:min-label-width="0.1575in"/><style:text-properties style:font-name="StarSymbol"/></text:list-level-style-bullet><text:list-level-style-bullet text:level="10" text:style-name="Numbering_20_Symbols" text:bullet-char=""><style:list-level-properties text:space-before="1.4177in" text:min-label-width="0.1575in"/><style:text-properties style:font-name="StarSymbol"/></text:list-level-style-bullet></text:list-style><text:list-style style:name="WW8Num1"><text:list-level-style-number text:level="1" style:num-format="1"><style:list-level-properties text:min-label-width="0.3in"/></text:list-level-style-number><text:list-level-style-number text:level="2" style:num-format="1" text:display-levels="2"><style:list-level-properties text:min-label-width="0.4in"/></text:list-level-style-number><text:list-level-style-number text:level="3" style:num-format="1" text:display-levels="3"><style:list-level-properties text:min-label-width="0.5in"/></text:list-level-style-number><text:list-level-style-number text:level="4" style:num-format="1" text:display-levels="4"><style:list-level-properties text:min-label-width="0.6in"/></text:list-level-style-number><text:list-level-style-number text:level="5" style:num-format="1" text:display-levels="5"><style:list-level-properties text:min-label-width="0.7in"/></text:list-level-style-number><text:list-level-style-number text:level="6" style:num-format="1" text:display-levels="6"><style:list-level-properties text:min-label-width="0.8in"/></text:list-level-style-number><text:list-level-style-number text:level="7" style:num-format="1" text:display-levels="7"><style:list-level-properties text:min-label-width="0.9in"/></text:list-level-style-number><text:list-level-style-number text:level="8" style:num-format="1" text:display-levels="8"><style:list-level-properties text:min-label-width="1in"/></text:list-level-style-number><text:list-level-style-number text:level="9" style:num-format="1" text:display-levels="9"><style:list-level-properties text:min-label-width="1.1in"/></text:list-level-style-number><text:list-level-style-number text:level="10" style:num-suffix="." style:num-format="1"><style:list-level-properties text:space-before="1.7724in" text:min-label-width="0.1965in"/></text:list-level-style-number></text:list-style><text:list-style style:name="WWNum1"><text:list-level-style-number text:level="1" style:num-format="1"><style:list-level-properties text:list-level-position-and-space-mode="label-alignment"><style:list-level-label-alignment text:label-followed-by="listtab" fo:text-indent="-0.25in" fo:margin-left="0.5in"/></style:list-level-properties></text:list-level-style-number><text:list-level-style-number text:level="2" style:num-format="1" text:display-levels="2"><style:list-level-properties text:list-level-position-and-space-mode="label-alignment"><style:list-level-label-alignment text:label-followed-by="listtab" fo:text-indent="-0.25in" fo:margin-left="0.75in"/></style:list-level-properties></text:list-level-style-number><text:list-level-style-number text:level="3" style:num-format="1" text:display-levels="3"><style:list-level-properties text:list-level-position-and-space-mode="label-alignment"><style:list-level-label-alignment text:label-followed-by="listtab" fo:text-indent="-0.25in" fo:margin-left="1in"/></style:list-level-properties></text:list-level-style-number><text:list-level-style-number text:level="4" style:num-format="1" text:display-levels="4"><style:list-level-properties text:list-level-position-and-space-mode="label-alignment"><style:list-level-label-alignment text:label-followed-by="listtab" fo:text-indent="-0.25in" fo:margin-left="1.25in"/></style:list-level-properties></text:list-level-style-number><text:list-level-style-number text:level="5" style:num-format="1" text:display-levels="5"><style:list-level-properties text:list-level-position-and-space-mode="label-alignment"><style:list-level-label-alignment text:label-followed-by="listtab" fo:text-indent="-0.25in" fo:margin-left="1.5in"/></style:list-level-properties></text:list-level-style-number><text:list-level-style-number text:level="6" style:num-format=""><style:list-level-properties text:list-level-position-and-space-mode="label-alignment"><style:list-level-label-alignment text:label-followed-by="nothing" fo:text-indent="-0.25in" fo:margin-left="1.75in"/></style:list-level-properties></text:list-level-style-number><text:list-level-style-number text:level="7" style:num-format=""><style:list-level-properties text:list-level-position-and-space-mode="label-alignment"><style:list-level-label-alignment text:label-followed-by="nothing" fo:text-indent="-0.25in" fo:margin-left="2in"/></style:list-level-properties></text:list-level-style-number><text:list-level-style-number text:level="8" style:num-format=""><style:list-level-properties text:list-level-position-and-space-mode="label-alignment"><style:list-level-label-alignment text:label-followed-by="nothing" fo:text-indent="-0.25in" fo:margin-left="2.25in"/></style:list-level-properties></text:list-level-style-number><text:list-level-style-number text:level="9" style:num-format=""><style:list-level-properties text:list-level-position-and-space-mode="label-alignment"><style:list-level-label-alignment text:label-followed-by="nothing" fo:text-indent="-0.25in" fo:margin-left="2.5in"/></style:list-level-properties></text:list-level-style-number><text:list-level-style-number text:level="10" style:num-suffix="." style:num-format="1"><style:list-level-properties text:list-level-position-and-space-mode="label-alignment"><style:list-level-label-alignment text:label-followed-by="listtab" text:list-tab-stop-position="2.75in" fo:text-indent="-0.25in" fo:margin-left="2.75in"/></style:list-level-properties></text:list-level-style-number></text:list-style><text:notes-configuration text:note-class="footnote" text:citation-style-name="Footnote_20_Symbol" style:num-format="1" text:start-value="0" text:footnotes-position="page" text:start-numbering-at="document"/><text:notes-configuration text:note-class="endnote" text:citation-style-name="Endnote_20_Symbol" text:master-page-name="Endnote" style:num-format="i" text:start-value="0"/><text:linenumbering-configuration text:number-lines="false" text:offset="0.1965in" style:num-format="1" text:number-position="left" text:increment="5"/><style:default-page-layout><style:page-layout-properties style:writing-mode="lr-tb" style:layout-grid-standard-mode="true"/></style:default-page-layout></office:styles><office:automatic-styles><style:style style:name="Tabelle3" style:family="table"><style:table-properties style:width="2.7465in" fo:margin-left="0.0389in" table:align="left"/></style:style><style:style style:name="Tabelle3.A" style:family="table-column"><style:table-column-properties style:column-width="1.184in"/></style:style><style:style style:name="Tabelle3.B" style:family="table-column"><style:table-column-properties style:column-width="1.5625in"/></style:style><style:style style:name="Tabelle3.1" style:family="table-row"><style:table-row-properties style:min-row-height="0.1271in"/></style:style><style:style style:name="Tabelle3.A1" style:family="table-cell"><style:table-cell-properties fo:padding="0in" fo:border="none"/></style:style><style:style style:name="Tabelle3.B2" style:family="table-cell"><style:table-cell-properties fo:padding="0in" fo:border-left="0.05pt solid #1e5a96" fo:border-right="none" fo:border-top="none" fo:border-bottom="none"/></style:style><style:style style:name="MP1" style:family="paragraph" style:parent-style-name="Standard"><style:paragraph-properties fo:text-align="end" style:justify-single-word="false"/><style:text-properties fo:font-size="8pt" style:font-size-asian="8pt"/></style:style><style:style style:name="MP2" style:family="paragraph" style:parent-style-name="Standard"><style:paragraph-properties fo:text-align="end" style:justify-single-word="false"/><style:text-properties fo:font-size="2pt" style:font-size-asian="2pt"/></style:style><style:style style:name="MP3" style:family="paragraph" style:parent-style-name="Small"><style:paragraph-properties fo:text-align="start" style:justify-single-word="false"><style:tab-stops><style:tab-stop style:position="1.0819in"/></style:tab-stops></style:paragraph-properties><style:text-properties fo:color="#c0c0c0"/></style:style><style:style style:name="MP4" style:family="paragraph" style:parent-style-name="Small"><style:paragraph-properties><style:tab-stops><style:tab-stop style:position="3.2591in" style:type="center"/><style:tab-stop style:position="6.0492in" style:type="right"/></style:tab-stops></style:paragraph-properties></style:style><style:style style:name="MP5" style:family="paragraph" style:parent-style-name="Standard"><style:text-properties style:font-name="Roboto Light" officeooo:paragraph-rsid="003d131c"/></style:style><style:style style:name="MP6" style:family="paragraph" style:parent-style-name="Standard"><style:paragraph-properties fo:margin-left="0in" fo:margin-right="-0.5492in" fo:text-indent="0in" style:auto-text-indent="false"><style:tab-stops><style:tab-stop style:position="3.0516in" style:type="center"/><style:tab-stop style:position="6.0311in"/></style:tab-stops></style:paragraph-properties></style:style><style:style style:name="MP7" style:family="paragraph" style:parent-style-name="Standard"><style:text-properties style:font-name="Roboto Light" officeooo:paragraph-rsid="00389352"/></style:style><style:style style:name="MP8" style:family="paragraph" style:parent-style-name="Standard"><style:paragraph-properties fo:text-align="end" style:justify-single-word="false"/><style:text-properties style:font-name="Roboto Light" fo:font-size="8pt" style:font-size-asian="8pt"/></style:style><style:style style:name="MP9" style:family="paragraph" style:parent-style-name="Standard"><style:paragraph-properties fo:margin-left="0in" fo:margin-right="-0.5492in" fo:text-indent="0in" style:auto-text-indent="false"><style:tab-stops><style:tab-stop style:position="4.8772in" style:type="center"/><style:tab-stop style:position="9.7634in"/></style:tab-stops></style:paragraph-properties></style:style><style:style style:name="MP10" style:family="paragraph" style:parent-style-name="Standard"><style:paragraph-properties fo:text-align="end" style:justify-single-word="false"/></style:style><style:style style:name="MP11" style:family="paragraph" style:parent-style-name="Standard"><style:paragraph-properties fo:text-align="start" style:justify-single-word="false"/></style:style><style:style style:name="MP12" style:family="paragraph" style:parent-style-name="Table_20_Contents"><style:paragraph-properties fo:text-align="start" style:justify-single-word="false"/><style:text-properties fo:color="#808080" style:font-name="Roboto" fo:font-size="8pt" fo:font-weight="normal" officeooo:rsid="000ee956" officeooo:paragraph-rsid="0024d4fb" style:font-size-asian="8pt" style:font-weight-asian="normal" style:font-size-complex="8pt" style:font-weight-complex="normal"/></style:style><style:style style:name="MP13" style:family="paragraph" style:parent-style-name="Table_20_Contents"><style:paragraph-properties fo:text-align="start" style:justify-single-word="false"/><style:text-properties fo:color="#808080" style:font-name="Roboto" fo:font-size="8pt" officeooo:rsid="000ee956" officeooo:paragraph-rsid="0029d61e" style:font-size-asian="8pt" style:font-size-complex="8pt"/></style:style><style:style style:name="MP14" style:family="paragraph" style:parent-style-name="Table_20_Contents"><style:paragraph-properties fo:text-align="start" style:justify-single-word="false"><style:tab-stops><style:tab-stop style:position="0.122in"/></style:tab-stops></style:paragraph-properties><style:text-properties fo:color="#808080" style:font-name="Roboto" fo:font-size="8pt" officeooo:rsid="000ee956" officeooo:paragraph-rsid="0024d4fb" style:font-size-asian="8pt" style:font-size-complex="8pt"/></style:style><style:style style:name="MT1" style:family="text"><style:text-properties fo:font-size="8pt" style:font-size-asian="8pt" style:font-size-complex="8pt"/></style:style><style:style style:name="MT2" style:family="text"/><style:style style:name="MT3" style:family="text"><style:text-properties officeooo:rsid="00c8f426"/></style:style><style:style style:name="Mfr1" style:family="graphic" style:parent-style-name="Frame"><style:graphic-properties style:wrap="run-through" style:number-wrapped-paragraphs="no-limit" style:vertical-pos="from-top" style:vertical-rel="paragraph" style:horizontal-pos="from-left" style:horizontal-rel="paragraph" fo:background-color="#ffffff" style:background-transparency="0%" draw:fill="solid" draw:fill-color="#ffffff" draw:opacity="100%" fo:padding-left="0.1102in" fo:padding-right="0.1102in" fo:padding-top="0.0602in" fo:padding-bottom="0.0602in" fo:border="none"/></style:style><style:style style:name="Mfr2" style:family="graphic" style:parent-style-name="Frame"><style:graphic-properties style:print-content="false" style:wrap="run-through" style:number-wrapped-paragraphs="no-limit" style:vertical-pos="from-top" style:vertical-rel="paragraph" style:horizontal-pos="from-left" style:horizontal-rel="paragraph" fo:background-color="#ffffff" style:background-transparency="0%" draw:fill="solid" draw:fill-color="#ffffff" draw:opacity="100%" fo:padding-left="0.1102in" fo:padding-right="0.1102in" fo:padding-top="0.0602in" fo:padding-bottom="0.0602in" fo:border="none"/></style:style><style:style style:name="Mfr3" style:family="graphic" style:parent-style-name="Frame"><style:graphic-properties style:protect="none" style:wrap="run-through" style:number-wrapped-paragraphs="no-limit" style:vertical-pos="from-top" style:vertical-rel="paragraph" style:horizontal-pos="from-left" style:horizontal-rel="paragraph" fo:background-color="#ffffff" style:background-transparency="0%" draw:fill="solid" draw:fill-color="#ffffff" draw:opacity="100%" fo:padding-left="0.1102in" fo:padding-right="0.1102in" fo:padding-top="0.0602in" fo:padding-bottom="0.0602in" fo:border="none"/></style:style><style:style style:name="Mfr4" style:family="graphic" style:parent-style-name="Frame"><style:graphic-properties style:run-through="foreground" style:protect="content size position" style:wrap="run-through" style:number-wrapped-paragraphs="no-limit" style:vertical-pos="from-top" style:vertical-rel="paragraph" style:horizontal-pos="from-left" style:horizontal-rel="paragraph" fo:background-color="#ffffff" style:background-transparency="0%" draw:fill="solid" draw:fill-color="#ffffff" draw:opacity="100%" fo:padding-left="0.1102in" fo:padding-right="0.1102in" fo:padding-top="0.0602in" fo:padding-bottom="0.0602in" fo:border="none"><style:columns fo:column-count="1" fo:column-gap="0in"/></style:graphic-properties></style:style><style:style style:name="Mfr5" style:family="graphic" style:parent-style-name="Graphics"><style:graphic-properties style:vertical-pos="from-top" style:vertical-rel="paragraph" style:horizontal-pos="from-left" style:horizontal-rel="paragraph" fo:background-color="transparent" draw:fill="none" draw:opacity="0%" style:shadow="none" draw:shadow-opacity="100%" style:mirror="none" fo:clip="rect(0in, 0in, 0in, 0in)" draw:luminance="0%" draw:contrast="0%" draw:red="0%" draw:green="0%" draw:blue="0%" draw:gamma="100%" draw:color-inversion="false" draw:image-opacity="100%" draw:color-mode="standard"/></style:style><style:page-layout style:name="Mpm1"><style:page-layout-properties fo:page-width="8.2673in" fo:page-height="11.6925in" style:num-format="1" style:print-orientation="portrait" fo:margin-top="0.4925in" fo:margin-bottom="0.3339in" fo:margin-left="1.4602in" fo:margin-right="0.7591in" style:writing-mode="lr-tb" style:layout-grid-color="#c0c0c0" style:layout-grid-lines="44" style:layout-grid-base-height="0.2165in" style:layout-grid-ruby-height="0in" style:layout-grid-mode="none" style:layout-grid-ruby-below="false" style:layout-grid-print="true" style:layout-grid-display="true" style:layout-grid-base-width="0.1457in" style:layout-grid-snap-to="true" style:footnote-max-height="0in"><style:footnote-sep style:width="0.0071in" style:distance-before-sep="0.0398in" style:distance-after-sep="0.0398in" style:line-style="none" style:adjustment="left" style:rel-width="25%" style:color="#000000"/></style:page-layout-properties><style:header-style><style:header-footer-properties svg:height="1.1465in" fo:margin-left="0in" fo:margin-right="0in" fo:margin-bottom="0in"/></style:header-style><style:footer-style><style:header-footer-properties svg:height="1.7098in" fo:margin-left="0in" fo:margin-right="0in" fo:margin-top="0.428in"/></style:footer-style></style:page-layout><style:page-layout style:name="Mpm2" style:page-usage="right"><style:page-layout-properties fo:page-width="8.2673in" fo:page-height="11.6925in" style:num-format="1" style:print-orientation="portrait" fo:margin-top="0.7874in" fo:margin-bottom="0.7874in" fo:margin-left="0.7874in" fo:margin-right="0.7874in" style:writing-mode="lr-tb" style:layout-grid-color="#c0c0c0" style:layout-grid-lines="44" style:layout-grid-base-height="0.2165in" style:layout-grid-ruby-height="0in" style:layout-grid-mode="none" style:layout-grid-ruby-below="false" style:layout-grid-print="true" style:layout-grid-display="true" style:layout-grid-base-width="0.1457in" style:layout-grid-snap-to="true" style:footnote-max-height="0in"><style:footnote-sep style:width="0.0071in" style:distance-before-sep="0.0398in" style:distance-after-sep="0.0398in" style:line-style="none" style:adjustment="left" style:rel-width="25%" style:color="#000000"/></style:page-layout-properties><style:header-style/><style:footer-style/></style:page-layout><style:page-layout style:name="Mpm3" style:page-usage="left"><style:page-layout-properties fo:page-width="8.5in" fo:page-height="11in" style:num-format="1" style:print-orientation="portrait" fo:margin-top="0.7874in" fo:margin-bottom="0.7874in" fo:margin-left="0.7874in" fo:margin-right="0.7874in" style:writing-mode="lr-tb" style:layout-grid-color="#c0c0c0" style:layout-grid-lines="44" style:layout-grid-base-height="0.2165in" style:layout-grid-ruby-height="0in" style:layout-grid-mode="none" style:layout-grid-ruby-below="false" style:layout-grid-print="true" style:layout-grid-display="true" style:layout-grid-base-width="0.1457in" style:layout-grid-snap-to="true" style:footnote-max-height="0in"><style:footnote-sep style:width="0.0071in" style:distance-before-sep="0.0398in" style:distance-after-sep="0.0398in" style:line-style="solid" style:adjustment="left" style:rel-width="25%" style:color="#000000"/></style:page-layout-properties><style:header-style/><style:footer-style/></style:page-layout><style:page-layout style:name="Mpm4"><style:page-layout-properties fo:page-width="8.2673in" fo:page-height="11.6925in" style:num-format="1" style:print-orientation="portrait" fo:margin-top="0.7874in" fo:margin-bottom="0.7874in" fo:margin-left="0.7874in" fo:margin-right="0.7874in" style:writing-mode="lr-tb" style:layout-grid-color="#c0c0c0" style:layout-grid-lines="44" style:layout-grid-base-height="0.2165in" style:layout-grid-ruby-height="0in" style:layout-grid-mode="none" style:layout-grid-ruby-below="false" style:layout-grid-print="true" style:layout-grid-display="true" style:layout-grid-base-width="0.1457in" style:layout-grid-snap-to="true" style:footnote-max-height="0in"><style:footnote-sep style:line-style="none" style:adjustment="left" style:rel-width="25%" style:color="#000000"/></style:page-layout-properties><style:header-style/><style:footer-style/></style:page-layout><style:page-layout style:name="Mpm5"><style:page-layout-properties fo:page-width="8.2673in" fo:page-height="11.6925in" style:num-format="1" style:print-orientation="portrait" fo:margin-top="0.4925in" fo:margin-bottom="0.4209in" fo:margin-left="1.4602in" fo:margin-right="0.7673in" style:writing-mode="lr-tb" style:layout-grid-color="#c0c0c0" style:layout-grid-lines="44" style:layout-grid-base-height="0.2165in" style:layout-grid-ruby-height="0in" style:layout-grid-mode="none" style:layout-grid-ruby-below="false" style:layout-grid-print="true" style:layout-grid-display="true" style:layout-grid-base-width="0.1457in" style:layout-grid-snap-to="true" style:footnote-max-height="0in"><style:footnote-sep style:width="0.0071in" style:distance-before-sep="0.0398in" style:distance-after-sep="0.0398in" style:line-style="none" style:adjustment="left" style:rel-width="25%" style:color="#000000"/></style:page-layout-properties><style:header-style><style:header-footer-properties svg:height="0.628in" fo:margin-left="0in" fo:margin-right="0in" fo:margin-bottom="0in"/></style:header-style><style:footer-style><style:header-footer-properties fo:min-height="0in" fo:margin-left="0in" fo:margin-right="0in" fo:margin-top="0.428in"/></style:footer-style></style:page-layout><style:page-layout style:name="Mpm6"><style:page-layout-properties fo:page-width="8.2673in" fo:page-height="11.6925in" style:num-format="1" style:print-orientation="portrait" fo:margin-top="0.4925in" fo:margin-bottom="0.4209in" fo:margin-left="1.4602in" fo:margin-right="0.7673in" style:writing-mode="lr-tb" style:layout-grid-color="#c0c0c0" style:layout-grid-lines="44" style:layout-grid-base-height="0.2165in" style:layout-grid-ruby-height="0in" style:layout-grid-mode="none" style:layout-grid-ruby-below="false" style:layout-grid-print="true" style:layout-grid-display="true" style:layout-grid-base-width="0.1457in" style:layout-grid-snap-to="true" style:footnote-max-height="0in"><style:footnote-sep style:width="0.0071in" style:distance-before-sep="0.0398in" style:distance-after-sep="0.0398in" style:line-style="none" style:adjustment="left" style:rel-width="25%" style:color="#000000"/></style:page-layout-properties><style:header-style><style:header-footer-properties svg:height="0.628in" fo:margin-left="0in" fo:margin-right="1.3937in" fo:margin-bottom="0in"/></style:header-style><style:footer-style><style:header-footer-properties fo:min-height="0in" fo:margin-left="0in" fo:margin-right="0in" fo:margin-top="0.428in"/></style:footer-style></style:page-layout><style:page-layout style:name="Mpm7"><style:page-layout-properties fo:page-width="11.6925in" fo:page-height="8.2673in" style:num-format="1" style:print-orientation="landscape" fo:margin-top="0.6819in" fo:margin-bottom="0.4209in" fo:margin-left="1.1555in" fo:margin-right="0.7736in" style:writing-mode="lr-tb" style:layout-grid-color="#c0c0c0" style:layout-grid-lines="44" style:layout-grid-base-height="0.2165in" style:layout-grid-ruby-height="0in" style:layout-grid-mode="none" style:layout-grid-ruby-below="false" style:layout-grid-print="true" style:layout-grid-display="true" style:layout-grid-base-width="0.1457in" style:layout-grid-snap-to="true" style:footnote-max-height="0in"><style:footnote-sep style:width="0.0071in" style:distance-before-sep="0.0398in" style:distance-after-sep="0.0398in" style:line-style="none" style:adjustment="left" style:rel-width="25%" style:color="#000000"/></style:page-layout-properties><style:header-style><style:header-footer-properties svg:height="0.5283in" fo:margin-left="0in" fo:margin-right="1.4035in" fo:margin-bottom="0in"/></style:header-style><style:footer-style><style:header-footer-properties fo:min-height="0in" fo:margin-left="0in" fo:margin-right="0in" fo:margin-top="0.428in"/></style:footer-style></style:page-layout><style:page-layout style:name="Mpm8"><style:page-layout-properties fo:page-width="8.2673in" fo:page-height="11.6925in" style:num-format="1" style:print-orientation="portrait" fo:margin-top="0.4925in" fo:margin-bottom="0.4236in" fo:margin-left="1.4602in" fo:margin-right="0.7591in" style:writing-mode="lr-tb" style:layout-grid-color="#c0c0c0" style:layout-grid-lines="44" style:layout-grid-base-height="0.2165in" style:layout-grid-ruby-height="0in" style:layout-grid-mode="none" style:layout-grid-ruby-below="false" style:layout-grid-print="true" style:layout-grid-display="true" style:layout-grid-base-width="0.1457in" style:layout-grid-snap-to="true" style:footnote-max-height="0in"><style:footnote-sep style:width="0.0071in" style:distance-before-sep="0.0398in" style:distance-after-sep="0.0398in" style:line-style="none" style:adjustment="left" style:rel-width="25%" style:color="#000000"/></style:page-layout-properties><style:header-style><style:header-footer-properties svg:height="1.1465in" fo:margin-left="0in" fo:margin-right="0in" fo:margin-bottom="0in"/></style:header-style><style:footer-style><style:header-footer-properties svg:height="0.9929in" fo:margin-left="0in" fo:margin-right="0in" fo:margin-top="0.428in"/></style:footer-style></style:page-layout><style:page-layout style:name="Mpm9"><style:page-layout-properties fo:page-width="8.2673in" fo:page-height="11.6925in" style:num-format="1" style:print-orientation="portrait" fo:margin-top="0.3937in" fo:margin-bottom="0.3937in" fo:margin-left="0.7874in" fo:margin-right="0.3937in" style:writing-mode="lr-tb" style:layout-grid-color="#c0c0c0" style:layout-grid-lines="44" style:layout-grid-base-height="0.2165in" style:layout-grid-ruby-height="0in" style:layout-grid-mode="none" style:layout-grid-ruby-below="false" style:layout-grid-print="true" style:layout-grid-display="true" style:layout-grid-base-width="0.1457in" style:layout-grid-snap-to="true" style:footnote-max-height="0in"><style:footnote-sep style:width="0.0071in" style:distance-before-sep="0.0398in" style:distance-after-sep="0.0398in" style:line-style="none" style:adjustment="left" style:rel-width="25%" style:color="#000000"/></style:page-layout-properties><style:header-style/><style:footer-style/></style:page-layout><number:number-style style:name="N0"><number:number number:min-integer-digits="1"/></number:number-style><number:date-style style:name="N10107" number:language="de" number:country="CH" number:title="User-defined"><number:year number:style="long"/><number:month number:style="long"/><number:day number:style="long"/></number:date-style></office:automatic-styles><office:master-styles><style:master-page style:name="Standard" style:page-layout-name="Mpm1" style:next-style-name="Next_20_convert_20_1"><style:header><text:p text:style-name="Standard"><draw:frame draw:style-name="Mfr1" draw:name="Frame1" text:anchor-type="paragraph" svg:x="4.1701in" svg:y="0in" svg:width="1.8681in" draw:z-index="0"><draw:text-box fo:min-height="1.0925in"><text:p text:style-name="MP1">Puzzle ITC GmbH</text:p><text:p text:style-name="MP1">Maulbeerstrasse 15</text:p><text:p text:style-name="MP1">CH-3011 Bern</text:p><text:p text:style-name="MP2"/><text:p text:style-name="MP1">Telefon: +41 (0)31 398 44 77</text:p><text:p text:style-name="MP1">Telefax: +41 (0)31 398 44 78</text:p><text:p text:style-name="MP2"/><text:p text:style-name="MP1">www.puzzle.ch</text:p><text:p text:style-name="MP1"/></draw:text-box></draw:frame><draw:frame draw:style-name="Mfr2" draw:name="Rahmen1" text:anchor-type="paragraph" svg:x="1.3291in" svg:y="0in" svg:width="2.8417in" draw:z-index="0"><draw:text-box fo:min-height="0.4193in"><text:p text:style-name="MP3">Dateiname Vorlage:<text:tab/>pitc_dokument.stw</text:p><text:p text:style-name="MP3">Ausgabedatum:<text:tab/>30. März 2004</text:p></draw:text-box></draw:frame></text:p></style:header><style:footer><text:p text:style-name="Standard"/><text:p text:style-name="Standard"/><text:p text:style-name="Standard"/><text:p text:style-name="Small">© 2005 Puzzle ITC GmbH – alle Rechte vorbehalten.</text:p><text:p text:style-name="Small"/><text:p text:style-name="MP4"><text:span text:style-name="MT1">ch</text:span><text:span text:style-name="MT1"><text:date style:data-style-name="N10107" text:date-value="2016-11-15T15:40:08.665939746">20161115</text:date></text:span><text:span text:style-name="MT1">w</text:span><text:span text:style-name="MT1"><text:word-count>201</text:word-count></text:span><text:span text:style-name="MT1"><text:tab/></text:span><text:span text:style-name="Page_20_Number"><text:span text:style-name="MT1"><text:tab/></text:span></text:span></text:p></style:footer></style:master-page><style:master-page style:name="Right_20_Page" style:display-name="Right Page" style:page-layout-name="Mpm2"/><style:master-page style:name="Left_20_Page" style:display-name="Left Page" style:page-layout-name="Mpm3" style:next-style-name="Right_20_Page"/><style:master-page style:name="Endnote" style:page-layout-name="Mpm4"/><style:master-page style:name="Next_20_convert_20_1" style:display-name="Next convert 1" style:page-layout-name="Mpm5"><style:header><text:p text:style-name="MP5"><draw:frame draw:style-name="Mfr1" draw:name="Frame2" text:anchor-type="paragraph" svg:x="4.7161in" svg:y="0in" svg:width="1.3201in" draw:z-index="0"><draw:text-box fo:min-height="0.2335in"><text:p text:style-name="MP1">Puzzle ITC GmbH</text:p></draw:text-box></draw:frame>Curriculum Vitae - @headerInfo <text:s/></text:p></style:header><style:footer><text:p text:style-name="MP6"><text:span text:style-name="Page_20_Number"><text:tab/><text:tab/></text:span><text:span text:style-name="Page_20_Number"><text:page-number text:select-page="current">0</text:page-number></text:span><text:span text:style-name="Page_20_Number">/</text:span><text:span text:style-name="Page_20_Number"><text:page-count>3</text:page-count></text:span></text:p></style:footer></style:master-page><style:master-page style:name="PITC_5f_right_5f_page" style:display-name="PITC_right_page" style:page-layout-name="Mpm6"><style:header><text:p text:style-name="MP7"><draw:frame draw:style-name="Mfr3" draw:name="Frame3" text:anchor-type="paragraph" svg:x="4.7201in" svg:y="0in" svg:width="1.3201in" draw:z-index="18"><draw:text-box fo:min-height="0.2335in"><text:p text:style-name="MP8">Puzzle ITC GmbH</text:p></draw:text-box></draw:frame>Curriculum Vitae - <text:span text:style-name="MT3">[HEADER_INFO]</text:span> <text:s/></text:p></style:header><style:footer><text:p text:style-name="MP6"><text:span text:style-name="Page_20_Number"><text:tab/><text:tab/></text:span><text:span text:style-name="Page_20_Number"><text:page-number text:select-page="current">3</text:page-number></text:span><text:span text:style-name="Page_20_Number">/</text:span><text:span text:style-name="Page_20_Number"><text:page-count>3</text:page-count></text:span></text:p></style:footer></style:master-page><style:master-page style:name="PITC_5f_landscape_5f_page" style:display-name="PITC_landscape_page" style:page-layout-name="Mpm7"><style:header><text:p text:style-name="Standard"><draw:frame draw:style-name="Mfr4" draw:name="Frame4" text:anchor-type="paragraph" svg:x="8.4366in" svg:y="0in" svg:width="1.3201in" draw:z-index="0"><draw:text-box fo:min-height="0.2335in"><text:p text:style-name="MP1">Puzzle ITC GmbH</text:p></draw:text-box></draw:frame><text:user-defined style:data-style-name="N0" text:name="Info 1">Curriculum Vitae – Marc Schmid</text:user-defined> - Version <text:user-defined style:data-style-name="N0" text:name="Info 2">1.0</text:user-defined></text:p></style:header><style:footer><text:p text:style-name="MP9"><text:span text:style-name="Page_20_Number"><text:tab/><text:tab/></text:span><text:span text:style-name="Page_20_Number"><text:page-number text:select-page="current">0</text:page-number></text:span><text:span text:style-name="Page_20_Number">/</text:span><text:span text:style-name="Page_20_Number"><text:page-count>3</text:page-count></text:span></text:p></style:footer></style:master-page><style:master-page style:name="PITC_5f_title_5f_page" style:display-name="PITC_title_page" style:page-layout-name="Mpm8" style:next-style-name="Next_20_convert_20_1"><style:header><text:p text:style-name="MP10"><draw:frame draw:style-name="Mfr5" draw:name="Image1" text:anchor-type="paragraph" svg:x="3.7736in" svg:y="0.1291in" svg:width="2.2402in" svg:height="0.5799in" draw:z-index="16"><draw:image xlink:href="Pictures/1000689D0000200A0000085FDDE4D72C7DCACCAE.svg" xlink:type="simple" xlink:show="embed" xlink:actuate="onLoad"/><draw:image xlink:href="Pictures/1000020100000136000000516749F6E9ACC8FEE5.png" xlink:type="simple" xlink:show="embed" xlink:actuate="onLoad"/><svg:title>logo_tagline</svg:title><svg:desc>Created with Sketch.</svg:desc></draw:frame></text:p><text:p text:style-name="Standard"/><text:p text:style-name="MP11"/><text:p text:style-name="MP10"/></style:header><style:footer><table:table table:name="Tabelle3" table:style-name="Tabelle3"><table:table-column table:style-name="Tabelle3.A"/><table:table-column table:style-name="Tabelle3.B"/><table:table-row table:style-name="Tabelle3.1"><table:table-cell table:style-name="Tabelle3.A1" table:number-columns-spanned="2" office:value-type="string"><text:p text:style-name="MP12">Puzzle ITC GmbH – Eigerplatz 4 – CH-3007 Bern</text:p></table:table-cell><table:covered-table-cell/></table:table-row><table:table-row><table:table-cell table:style-name="Tabelle3.A1" office:value-type="string"><text:p text:style-name="MP13">Tel. +41 31 320 22 00<text:line-break/>info@puzzle.ch</text:p></table:table-cell><table:table-cell table:style-name="Tabelle3.B2" office:value-type="string"><text:p text:style-name="MP14"><text:s/>www. puzzle.ch<text:line-break/> <text:s text:c="2"/></text:p></table:table-cell></table:table-row></table:table><text:p text:style-name="Standard"/></style:footer></style:master-page><style:master-page style:name="HTML" style:page-layout-name="Mpm9"/></office:master-styles></office:document-styles>